sector,date,buy_mb,sell_mb,buy_sell_mb,net_mb,cumulative_net_mb
Energy,2026-01-05,1981.49,1478.34,3459.82,503.14,503.14
Energy,2026-01-06,2457.97,1410.42,3868.38,1047.58,1550.72
Energy,2026-01-07,1821.63,1504.25,3325.85,317.37,1868.09
Energy,2026-01-08,1446.45,1547.41,2993.85,-100.95,1767.14
Energy,2026-01-09,1625.21,1053.10,2678.28,572.11,2339.25
Energy,2026-01-12,1473.52,957.29,2430.78,516.19,2855.44
Energy,2026-01-13,1825.21,1418.23,3243.44,406.95,3262.39
Energy,2026-01-14,2883.25,1799.09,4682.35,1084.16,4346.55
Energy,2026-01-15,3179.66,2234.10,5413.77,945.54,5292.09
Energy,2026-01-16,3094.35,2084.40,5178.76,1009.94,6302.03
Energy,2026-01-19,1939.23,1651.54,3590.79,287.69,6589.72
Energy,2026-01-20,3220.78,2919.99,6140.78,300.79,6890.51
Energy,2026-01-21,4262.85,2681.16,6944.04,1581.71,8472.22
Energy,2026-01-22,3992.66,2593.21,6585.86,1399.44,9871.66
Energy,2026-01-23,2608.03,1524.01,4132.06,1084.03,10955.69
Energy,2026-01-26,2605.68,1547.03,4152.71,1058.64,12014.33
Energy,2026-01-27,4131.91,2780.79,6912.72,1351.13,13365.46
Energy,2026-01-28,3328.75,2274.72,5603.46,1054.00,14419.46
Energy,2026-01-29,3111.68,3450.09,6561.75,-338.40,14081.06
Energy,2026-01-30,2603.24,2269.15,4872.40,334.09,14415.15
Energy,2026-02-02,3346.64,2150.24,5496.90,1196.41,15611.56
Energy,2026-02-03,3334.98,2866.23,6201.21,468.75,16080.31
Energy,2026-02-04,3482.00,1754.26,5236.28,1727.74,17808.05
Energy,2026-02-05,4857.32,2733.90,7591.25,2123.44,19931.49
Energy,2026-02-06,3684.36,1887.90,5572.25,1796.48,21727.97
Energy,2026-02-09,6584.54,4247.45,10831.97,2337.09,24065.06
Energy,2026-02-10,4893.55,3126.05,8019.62,1767.47,25832.53
Energy,2026-02-11,3727.12,2806.70,6533.83,920.41,26752.94
Energy,2026-02-12,7907.09,3760.07,11667.15,4147.03,30899.97
Energy,2026-02-13,4400.43,3200.90,7601.31,1199.53,32099.50
Energy,2026-02-16,2968.36,2523.69,5492.07,444.69,32544.19
Energy,2026-02-17,3775.75,2639.12,6414.88,1136.64,33680.83
Energy,2026-02-18,3323.08,3251.64,6574.71,71.46,33752.29
Energy,2026-02-19,7852.02,4991.56,12843.59,2860.47,36612.76
Energy,2026-02-20,4896.64,4653.89,9550.52,242.74,36855.50
Energy,2026-02-23,4579.26,4900.28,9479.58,-320.98,36534.52
Energy,2026-02-24,6785.55,4566.85,11352.42,2218.71,38753.23
Energy,2026-02-25,5540.54,5659.12,11199.69,-118.59,38634.64
Energy,2026-02-26,3934.28,4986.07,8920.35,-1051.77,37582.87
Energy,2026-02-27,7483.72,6811.93,14295.66,671.78,38254.65
Energy,2026-03-02,5767.36,8310.77,14078.12,-2543.40,35711.25
Energy,2026-03-04,11701.14,10954.27,22655.40,746.86,36458.11
Energy,2026-03-05,9119.28,9198.86,18318.17,-79.55,36378.56
Energy,2026-03-06,4586.63,5174.08,9760.67,-587.38,35791.18
Energy,2026-03-09,7479.05,8413.89,15892.95,-934.85,34856.33
Energy,2026-03-10,4565.53,5603.77,10169.30,-1038.25,33818.08
Energy,2026-03-11,5011.38,4569.24,9580.64,442.16,34260.24
Energy,2026-03-12,6395.92,5805.50,12201.40,590.41,34850.65
Energy,2026-03-13,5635.80,5355.64,10991.43,280.13,35130.78
Energy,2026-03-16,3388.12,4845.14,8233.26,-1457.01,33673.77
Energy,2026-03-17,5901.60,4712.61,10614.22,1189.01,34862.78
Energy,2026-03-18,3054.10,3717.60,6771.71,-663.53,34199.25
Energy,2026-03-19,6690.89,5489.49,12180.39,1201.43,35400.68
Energy,2026-03-20,6559.81,5854.20,12414.02,705.57,36106.25
Energy,2026-03-23,4795.60,4692.16,9487.75,103.45,36209.70
Energy,2026-03-24,5063.43,4968.94,10032.39,94.50,36304.20
Energy,2026-03-25,5123.04,4323.32,9446.34,799.73,37103.93
Energy,2026-03-26,7233.02,5459.85,12692.83,1773.18,38877.11
Energy,2026-03-27,5454.79,3667.99,9122.81,1786.76,40663.87
Energy,2026-03-30,4307.47,4535.51,8842.98,-228.04,40435.83
Energy,2026-03-31,4698.54,4785.93,9484.46,-87.42,40348.41
Energy,2026-04-01,5541.01,4924.42,10465.44,616.56,40964.97
Energy,2026-04-02,4728.23,3836.50,8564.70,891.73,41856.70
Energy,2026-04-03,2847.40,3642.42,6489.82,-795.00,41061.70
Energy,2026-04-07,4584.65,2829.42,7414.06,1755.23,42816.93
Energy,2026-04-08,5248.44,4391.25,9639.67,857.18,43674.11
Energy,2026-04-09,5739.44,4982.70,10722.13,756.74,44430.85
Energy,2026-04-10,2401.16,2276.78,4677.93,124.39,44555.24
Energy,2026-04-16,5078.51,4359.99,9438.50,718.54,45273.78
Energy,2026-04-17,3886.99,2617.30,6504.33,1269.69,46543.47
Energy,2026-04-20,3888.59,2887.47,6776.05,1001.15,47544.62
Energy,2026-04-21,2152.96,2097.80,4250.70,55.14,47599.76
Property,2026-01-05,466.27,336.42,802.69,129.86,129.86
Property,2026-01-06,252.18,257.55,509.74,-5.38,124.48
Property,2026-01-07,201.43,207.45,408.87,-6.02,118.46
Property,2026-01-08,251.36,275.42,526.80,-24.02,94.44
Property,2026-01-09,279.26,234.62,513.89,44.63,139.07
Property,2026-01-12,157.79,283.67,441.45,-125.87,13.20
Property,2026-01-13,373.97,444.08,818.06,-70.11,-56.91
Property,2026-01-14,206.09,273.26,479.37,-67.19,-124.10
Property,2026-01-15,457.65,428.38,886.02,29.27,-94.83
Property,2026-01-16,452.66,388.17,840.82,64.49,-30.34
Property,2026-01-19,311.41,231.68,543.09,79.73,49.39
Property,2026-01-20,699.62,349.94,1049.55,349.68,399.07
Property,2026-01-21,632.72,297.78,930.51,334.93,734.00
Property,2026-01-22,769.91,557.42,1327.34,212.49,946.49
Property,2026-01-23,346.07,351.41,697.48,-5.35,941.14
Property,2026-01-26,364.22,355.46,719.69,8.75,949.89
Property,2026-01-27,586.41,321.42,907.83,265.00,1214.89
Property,2026-01-28,439.27,265.48,704.75,173.79,1388.68
Property,2026-01-29,272.27,229.97,502.22,42.28,1430.96
Property,2026-01-30,565.04,408.67,973.71,156.37,1587.33
Property,2026-02-02,296.61,393.22,689.85,-96.60,1490.73
Property,2026-02-03,509.31,482.82,992.11,26.48,1517.21
Property,2026-02-04,295.31,241.18,536.47,54.12,1571.33
Property,2026-02-05,495.00,307.15,802.14,187.84,1759.17
Property,2026-02-06,355.80,311.36,667.16,44.47,1803.64
Property,2026-02-09,1668.02,680.90,2348.93,987.12,2790.76
Property,2026-02-10,666.06,469.63,1135.71,196.44,2987.20
Property,2026-02-11,789.47,587.15,1376.64,202.33,3189.53
Property,2026-02-12,1095.97,759.68,1855.64,336.30,3525.83
Property,2026-02-13,1062.82,729.63,1792.44,333.18,3859.01
Property,2026-02-16,468.76,600.44,1069.20,-131.64,3727.37
Property,2026-02-17,530.01,497.60,1027.63,32.42,3759.79
Property,2026-02-18,1170.97,691.33,1862.28,479.63,4239.42
Property,2026-02-19,977.06,774.42,1751.48,202.65,4442.07
Property,2026-02-20,996.20,882.88,1879.10,113.32,4555.39
Property,2026-02-23,937.42,924.96,1862.36,12.47,4567.86
Property,2026-02-24,867.93,768.97,1636.91,98.93,4666.79
Property,2026-02-25,998.03,830.95,1828.98,167.08,4833.87
Property,2026-02-26,726.61,691.43,1418.02,35.17,4869.04
Property,2026-02-27,1098.68,797.90,1896.57,300.77,5169.81
Property,2026-03-02,1271.20,823.05,2094.25,448.13,5617.94
Property,2026-03-04,1869.25,1834.88,3704.14,34.38,5652.32
Property,2026-03-05,1315.56,1431.74,2747.30,-116.19,5536.13
Property,2026-03-06,537.30,834.24,1371.54,-296.96,5239.17
Property,2026-03-09,1018.27,1046.87,2065.14,-28.60,5210.57
Property,2026-03-10,617.04,1018.35,1635.41,-401.32,4809.25
Property,2026-03-11,566.95,900.86,1467.81,-333.92,4475.33
Property,2026-03-12,571.91,883.63,1455.53,-311.72,4163.61
Property,2026-03-13,434.73,737.45,1172.20,-302.70,3860.91
Property,2026-03-16,380.73,361.73,742.47,18.99,3879.90
Property,2026-03-17,438.73,530.05,968.78,-91.30,3788.60
Property,2026-03-18,421.07,456.77,877.83,-35.72,3752.88
Property,2026-03-19,395.45,606.17,1001.62,-210.72,3542.16
Property,2026-03-20,829.11,736.14,1565.25,92.98,3635.14
Property,2026-03-23,561.93,641.06,1202.98,-79.14,3556.00
Property,2026-03-24,363.69,460.40,824.07,-96.72,3459.28
Property,2026-03-25,743.58,649.01,1392.60,94.55,3553.83
Property,2026-03-26,709.87,568.12,1277.98,141.76,3695.59
Property,2026-03-27,701.58,625.83,1327.43,75.77,3771.36
Property,2026-03-30,482.35,397.57,879.92,84.78,3856.14
Property,2026-03-31,533.29,469.06,1002.38,64.22,3920.36
Property,2026-04-01,766.03,644.32,1410.35,121.74,4042.10
Property,2026-04-02,626.14,627.72,1253.88,-1.57,4040.53
Property,2026-04-03,390.11,339.49,729.62,50.62,4091.15
Property,2026-04-07,453.63,394.58,848.22,59.04,4150.19
Property,2026-04-08,681.27,418.22,1099.50,263.05,4413.24
Property,2026-04-09,393.51,681.10,1074.61,-287.57,4125.67
Property,2026-04-10,325.28,321.77,647.07,3.51,4129.18
Property,2026-04-16,873.51,632.94,1506.44,240.57,4369.75
Property,2026-04-17,428.46,489.87,918.38,-61.41,4308.34
Property,2026-04-20,279.93,223.25,503.16,56.68,4365.02
Property,2026-04-21,473.33,359.35,832.66,113.95,4478.97
Commerce,2026-01-05,651.57,514.86,1166.43,136.71,136.71
Commerce,2026-01-06,764.92,684.52,1449.44,80.43,217.14
Commerce,2026-01-07,537.43,343.05,880.47,194.38,411.52
Commerce,2026-01-08,323.17,563.96,887.13,-240.80,170.72
Commerce,2026-01-09,352.31,299.08,651.38,53.23,223.95
Commerce,2026-01-12,474.24,429.51,903.75,44.73,268.68
Commerce,2026-01-13,698.63,470.54,1169.17,228.07,496.75
Commerce,2026-01-14,511.14,393.46,904.62,117.71,614.46
Commerce,2026-01-15,775.13,497.72,1272.85,277.41,891.87
Commerce,2026-01-16,619.42,602.07,1221.50,17.33,909.20
Commerce,2026-01-19,1244.99,480.41,1725.41,764.56,1673.76
Commerce,2026-01-20,1246.24,658.97,1905.23,587.29,2261.05
Commerce,2026-01-21,604.41,409.69,1014.10,194.71,2455.76
Commerce,2026-01-22,1002.02,740.58,1742.61,261.43,2717.19
Commerce,2026-01-23,846.46,560.40,1406.88,286.04,3003.23
Commerce,2026-01-26,635.69,370.78,1006.51,264.93,3268.16
Commerce,2026-01-27,930.00,538.22,1468.20,391.77,3659.93
Commerce,2026-01-28,566.92,542.21,1109.13,24.69,3684.62
Commerce,2026-01-29,710.76,390.23,1100.98,320.55,4005.17
Commerce,2026-01-30,1075.06,606.93,1682.01,468.14,4473.31
Commerce,2026-02-02,814.87,543.62,1358.52,271.25,4744.56
Commerce,2026-02-03,1591.69,753.88,2345.57,837.80,5582.36
Commerce,2026-02-04,644.09,619.34,1263.44,24.78,5607.14
Commerce,2026-02-05,1264.68,647.53,1912.20,617.17,6224.31
Commerce,2026-02-06,1104.05,844.27,1948.33,259.78,6484.09
Commerce,2026-02-09,2217.69,1759.24,3976.90,458.45,6942.54
Commerce,2026-02-10,1489.51,1090.27,2579.76,399.25,7341.79
Commerce,2026-02-11,1119.45,1145.92,2265.37,-26.47,7315.32
Commerce,2026-02-12,1144.40,883.50,2027.92,260.90,7576.22
Commerce,2026-02-13,787.43,963.15,1750.55,-175.71,7400.51
Commerce,2026-02-16,620.50,613.63,1234.13,6.88,7407.39
Commerce,2026-02-17,868.51,632.81,1501.31,235.68,7643.07
Commerce,2026-02-18,1463.03,1163.45,2626.50,299.57,7942.64
Commerce,2026-02-19,2027.79,2683.12,4710.91,-655.32,7287.32
Commerce,2026-02-20,1190.47,1570.28,2760.76,-379.83,6907.49
Commerce,2026-02-23,1233.00,1648.77,2881.78,-415.80,6491.69
Commerce,2026-02-24,2563.92,1444.85,4008.77,1119.08,7610.77
Commerce,2026-02-25,1739.63,1610.38,3350.01,129.24,7740.01
Commerce,2026-02-26,1953.48,1105.85,3059.32,847.63,8587.64
Commerce,2026-02-27,2391.02,2270.26,4661.29,120.79,8708.43
Commerce,2026-03-02,1222.34,1216.79,2439.13,5.55,8713.98
Commerce,2026-03-04,2114.96,2424.86,4539.84,-309.91,8404.07
Commerce,2026-03-05,978.76,1948.70,2927.46,-969.96,7434.11
Commerce,2026-03-06,650.77,1137.67,1788.44,-486.89,6947.22
Commerce,2026-03-09,1330.94,1468.43,2799.37,-137.50,6809.72
Commerce,2026-03-10,760.08,1295.56,2055.63,-535.47,6274.25
Commerce,2026-03-11,1098.76,1497.12,2595.87,-398.35,5875.90
Commerce,2026-03-12,793.60,903.86,1697.46,-110.24,5765.66
Commerce,2026-03-13,958.64,1145.38,2104.03,-186.77,5578.89
Commerce,2026-03-16,794.20,1067.70,1861.88,-273.49,5305.40
Commerce,2026-03-17,740.93,798.27,1539.21,-57.33,5248.07
Commerce,2026-03-18,729.08,797.49,1526.57,-68.43,5179.64
Commerce,2026-03-19,514.81,1135.05,1649.86,-620.26,4559.38
Commerce,2026-03-20,1059.40,1184.63,2244.02,-125.22,4434.16
Commerce,2026-03-23,658.38,1107.23,1765.63,-448.86,3985.30
Commerce,2026-03-24,800.02,648.49,1448.50,151.53,4136.83
Commerce,2026-03-25,611.64,798.69,1410.34,-187.04,3949.79
Commerce,2026-03-26,1256.63,1197.72,2454.36,58.89,4008.68
Commerce,2026-03-27,1530.14,713.56,2243.71,816.58,4825.26
Commerce,2026-03-30,1200.67,823.70,2024.36,376.99,5202.25
Commerce,2026-03-31,813.23,792.24,1605.47,20.97,5223.22
Commerce,2026-04-01,964.76,1144.69,2109.45,-179.92,5043.30
Commerce,2026-04-02,528.33,673.98,1202.31,-145.66,4897.64
Commerce,2026-04-03,663.81,616.91,1280.71,46.91,4944.55
Commerce,2026-04-07,573.82,379.33,953.16,194.47,5139.02
Commerce,2026-04-08,1075.34,826.07,1901.41,249.27,5388.29
Commerce,2026-04-09,615.94,664.95,1280.89,-49.00,5339.29
Commerce,2026-04-10,306.82,484.65,791.47,-177.85,5161.44
Commerce,2026-04-16,741.13,1048.61,1789.74,-307.50,4853.94
Commerce,2026-04-17,412.22,683.07,1095.30,-270.84,4583.10
Commerce,2026-04-20,988.64,947.76,1936.40,40.88,4623.98
Commerce,2026-04-21,519.40,685.74,1205.15,-166.36,4457.62
Food,2026-01-05,266.81,348.86,615.66,-82.07,-82.07
Food,2026-01-06,425.19,384.28,809.48,40.92,-41.15
Food,2026-01-07,467.79,351.01,818.79,116.77,75.62
Food,2026-01-08,324.07,364.08,688.16,-40.00,35.62
Food,2026-01-09,370.53,286.29,656.81,84.24,119.86
Food,2026-01-12,185.69,299.01,484.67,-113.32,6.54
Food,2026-01-13,497.93,463.19,961.12,34.69,41.23
Food,2026-01-14,336.74,212.34,549.07,124.42,165.65
Food,2026-01-15,483.96,329.15,813.09,154.81,320.46
Food,2026-01-16,398.25,280.97,679.24,117.27,437.73
Food,2026-01-19,456.13,296.18,752.32,159.98,597.71
Food,2026-01-20,621.07,581.39,1202.47,39.66,637.37
Food,2026-01-21,465.35,376.41,841.74,88.97,726.34
Food,2026-01-22,495.35,630.20,1125.55,-134.86,591.48
Food,2026-01-23,362.97,462.27,825.26,-99.30,492.18
Food,2026-01-26,300.14,329.01,629.15,-28.85,463.33
Food,2026-01-27,344.42,329.54,673.95,14.88,478.21
Food,2026-01-28,161.72,275.82,437.55,-114.11,364.10
Food,2026-01-29,226.74,280.12,506.83,-53.37,310.73
Food,2026-01-30,319.99,355.73,675.71,-35.70,275.03
Food,2026-02-02,251.38,311.79,563.13,-60.41,214.62
Food,2026-02-03,520.43,413.59,934.01,106.83,321.45
Food,2026-02-04,248.54,353.55,602.07,-105.00,216.45
Food,2026-02-05,373.29,291.49,664.79,81.82,298.27
Food,2026-02-06,388.27,296.77,685.03,91.50,389.77
Food,2026-02-09,759.24,402.84,1162.08,356.38,746.15
Food,2026-02-10,500.32,496.58,996.92,3.75,749.90
Food,2026-02-11,545.03,384.55,929.56,160.49,910.39
Food,2026-02-12,631.69,388.08,1019.77,243.62,1154.01
Food,2026-02-13,685.48,564.16,1249.64,121.33,1275.34
Food,2026-02-16,229.28,258.79,488.08,-29.50,1245.84
Food,2026-02-17,549.61,297.16,846.75,252.45,1498.29
Food,2026-02-18,549.75,448.31,998.07,101.44,1599.73
Food,2026-02-19,711.58,658.39,1369.97,53.17,1652.90
Food,2026-02-20,401.61,540.71,942.32,-139.12,1513.78
Food,2026-02-23,636.53,529.41,1165.95,107.11,1620.89
Food,2026-02-24,685.88,528.56,1214.45,157.33,1778.22
Food,2026-02-25,763.81,474.87,1238.70,288.95,2067.17
Food,2026-02-26,995.27,622.82,1618.12,372.42,2439.59
Food,2026-02-27,870.35,903.64,1774.01,-33.27,2406.32
Food,2026-03-02,975.49,818.14,1793.62,157.35,2563.67
Food,2026-03-04,1187.08,1350.43,2537.53,-163.39,2400.28
Food,2026-03-05,944.63,1412.46,2357.09,-467.84,1932.44
Food,2026-03-06,510.91,591.43,1102.34,-80.53,1851.91
Food,2026-03-09,1050.13,911.35,1961.48,138.80,1990.71
Food,2026-03-10,665.61,768.35,1433.97,-102.73,1887.98
Food,2026-03-11,547.28,792.18,1339.44,-244.89,1643.09
Food,2026-03-12,602.45,548.98,1151.43,53.46,1696.55
Food,2026-03-13,448.02,547.15,995.15,-99.15,1597.40
Food,2026-03-16,468.84,433.58,902.41,35.28,1632.68
Food,2026-03-17,697.99,499.89,1197.88,198.10,1830.78
Food,2026-03-18,798.36,567.10,1365.45,231.25,2062.03
Food,2026-03-19,622.29,979.99,1602.26,-357.68,1704.35
Food,2026-03-20,1341.83,1143.47,2485.29,198.36,1902.71
Food,2026-03-23,411.87,792.50,1204.37,-380.64,1522.07
Food,2026-03-24,432.40,609.49,1041.89,-177.09,1344.98
Food,2026-03-25,754.98,488.54,1243.52,266.45,1611.43
Food,2026-03-26,839.33,593.07,1432.42,246.27,1857.70
Food,2026-03-27,1421.50,772.21,2193.71,649.30,2507.00
Food,2026-03-30,694.74,557.92,1252.65,136.83,2643.83
Food,2026-03-31,792.59,541.04,1333.64,251.55,2895.38
Food,2026-04-01,538.24,419.04,957.30,119.19,3014.57
Food,2026-04-02,992.67,631.04,1623.70,361.64,3376.21
Food,2026-04-03,329.32,365.73,695.04,-36.44,3339.77
Food,2026-04-07,543.56,335.27,878.82,208.29,3548.06
Food,2026-04-08,547.71,485.63,1033.35,62.08,3610.14
Food,2026-04-09,522.63,480.64,1003.28,41.99,3652.13
Food,2026-04-10,415.12,236.58,651.70,178.54,3830.67
Food,2026-04-16,987.56,1063.26,2050.82,-75.69,3754.98
Food,2026-04-17,435.89,568.70,1004.59,-132.82,3622.16
Food,2026-04-20,581.11,468.02,1049.13,113.08,3735.24
Food,2026-04-21,481.45,453.70,935.16,27.77,3763.01
Petro,2026-01-05,191.32,130.22,321.54,61.10,61.10
Petro,2026-01-06,120.54,142.78,263.32,-22.24,38.86
Petro,2026-01-07,931.22,335.92,1267.13,595.30,634.16
Petro,2026-01-08,172.01,205.21,377.22,-33.21,600.95
Petro,2026-01-09,152.69,193.54,346.23,-40.85,560.10
Petro,2026-01-12,233.62,254.03,487.64,-20.40,539.70
Petro,2026-01-13,241.09,211.79,452.87,29.30,569.00
Petro,2026-01-14,286.65,165.22,451.86,121.42,690.42
Petro,2026-01-15,403.16,292.93,696.09,110.23,800.65
Petro,2026-01-16,239.06,326.82,565.88,-87.77,712.88
Petro,2026-01-19,255.16,230.73,485.89,24.43,737.31
Petro,2026-01-20,368.00,266.08,634.08,101.93,839.24
Petro,2026-01-21,443.32,240.42,683.73,202.90,1042.14
Petro,2026-01-22,437.55,267.71,705.26,169.85,1211.99
Petro,2026-01-23,297.02,292.74,589.76,4.28,1216.27
Petro,2026-01-26,376.04,251.93,627.97,124.11,1340.38
Petro,2026-01-27,339.63,258.32,597.95,81.31,1421.69
Petro,2026-01-28,518.35,355.17,873.52,163.20,1584.89
Petro,2026-01-29,287.63,208.02,495.66,79.61,1664.50
Petro,2026-01-30,389.56,322.17,711.72,67.40,1731.90
Petro,2026-02-02,323.85,239.54,563.38,84.31,1816.21
Petro,2026-02-03,575.84,634.70,1210.53,-58.86,1757.35
Petro,2026-02-04,603.18,289.75,892.93,313.43,2070.78
Petro,2026-02-05,201.53,268.16,469.70,-66.63,2004.15
Petro,2026-02-06,191.22,155.97,347.19,35.25,2039.40
Petro,2026-02-09,495.57,387.72,883.29,107.85,2147.25
Petro,2026-02-10,330.15,227.12,557.27,103.03,2250.28
Petro,2026-02-11,297.54,345.02,642.56,-47.47,2202.81
Petro,2026-02-12,392.57,179.78,572.35,212.79,2415.60
Petro,2026-02-13,233.89,321.39,555.29,-87.50,2328.10
Petro,2026-02-16,260.65,356.46,617.11,-95.81,2232.29
Petro,2026-02-17,191.44,302.43,493.86,-110.98,2121.31
Petro,2026-02-18,111.69,255.92,367.62,-144.22,1977.09
Petro,2026-02-19,205.27,232.14,437.41,-26.87,1950.22
Petro,2026-02-20,200.53,316.19,516.72,-115.66,1834.56
Petro,2026-02-23,293.28,221.14,514.42,72.14,1906.70
Petro,2026-02-24,370.67,270.47,641.15,100.19,2006.89
Petro,2026-02-25,860.04,763.35,1623.38,96.68,2103.57
Petro,2026-02-26,185.19,314.95,500.13,-129.77,1973.80
Petro,2026-02-27,1132.50,1026.30,2158.79,106.20,2080.00
Petro,2026-03-02,632.96,505.03,1137.99,127.94,2207.94
Petro,2026-03-04,557.90,794.39,1352.30,-236.50,1971.44
Petro,2026-03-05,477.68,667.87,1145.56,-190.19,1781.25
Petro,2026-03-06,647.57,458.82,1106.39,188.75,1970.00
Petro,2026-03-09,442.39,615.86,1058.26,-173.47,1796.53
Petro,2026-03-10,282.85,498.05,780.90,-215.20,1581.33
Petro,2026-03-11,301.55,345.37,646.91,-43.82,1537.51
Petro,2026-03-12,844.55,808.50,1653.04,36.05,1573.56
Petro,2026-03-13,230.11,511.55,741.66,-281.44,1292.12
Petro,2026-03-16,446.10,405.11,851.20,40.98,1333.10
Petro,2026-03-17,838.91,594.97,1433.86,243.94,1577.04
Petro,2026-03-18,563.07,800.18,1363.25,-237.11,1339.93
Petro,2026-03-19,774.53,969.38,1743.91,-194.84,1145.09
Petro,2026-03-20,649.46,613.03,1262.49,36.42,1181.51
Petro,2026-03-23,635.90,730.20,1366.10,-94.31,1087.20
Petro,2026-03-24,552.05,535.35,1087.41,16.70,1103.90
Petro,2026-03-25,1222.76,706.27,1929.04,516.49,1620.39
Petro,2026-03-26,619.56,656.32,1275.89,-36.76,1583.63
Petro,2026-03-27,625.79,339.75,965.55,286.05,1869.68
Petro,2026-03-30,1364.71,1031.34,2396.06,333.36,2203.04
Petro,2026-03-31,907.89,673.92,1581.81,233.97,2437.01
Petro,2026-04-01,1511.63,689.97,2201.61,821.66,3258.67
Petro,2026-04-02,485.24,535.89,1021.13,-50.65,3208.02
Petro,2026-04-03,466.85,468.82,935.68,-1.97,3206.05
Petro,2026-04-07,1092.54,746.30,1838.84,346.24,3552.29
Petro,2026-04-08,987.09,903.32,1890.41,83.78,3636.07
Petro,2026-04-09,698.98,550.49,1249.47,148.49,3784.56
Petro,2026-04-10,327.97,464.35,792.32,-136.38,3648.18
Petro,2026-04-16,594.03,546.00,1140.03,48.04,3696.22
Petro,2026-04-17,361.50,619.31,980.81,-257.80,3438.42
Petro,2026-04-20,366.79,612.96,979.75,-246.18,3192.24
Petro,2026-04-21,711.29,613.47,1324.76,97.84,3290.08
Etron,2026-01-05,2475.68,2733.56,5209.24,-257.89,-257.89
Etron,2026-01-06,604.28,2132.86,2737.14,-1528.58,-1786.47
Etron,2026-01-07,667.78,1310.11,1977.89,-642.31,-2428.78
Etron,2026-01-08,1554.46,3923.12,5477.58,-2368.66,-4797.44
Etron,2026-01-09,1450.11,1506.25,2956.37,-56.14,-4853.58
Etron,2026-01-12,663.10,633.66,1296.76,29.45,-4824.13
Etron,2026-01-13,900.09,816.30,1716.39,83.78,-4740.35
Etron,2026-01-14,1053.96,1032.38,2086.35,21.57,-4718.78
Etron,2026-01-15,1497.53,1238.63,2736.16,258.89,-4459.89
Etron,2026-01-16,1344.44,1230.52,2574.94,113.93,-4345.96
Etron,2026-01-19,873.98,742.36,1616.34,131.62,-4214.34
Etron,2026-01-20,1348.04,1492.73,2840.77,-144.69,-4359.03
Etron,2026-01-21,3011.54,1812.52,4824.05,1199.02,-3160.01
Etron,2026-01-22,2309.79,2639.92,4949.70,-330.12,-3490.13
Etron,2026-01-23,2253.19,1981.82,4235.00,271.36,-3218.77
Etron,2026-01-26,871.89,1109.32,1981.22,-237.43,-3456.20
Etron,2026-01-27,2777.80,1360.27,4138.08,1417.54,-2038.66
Etron,2026-01-28,1041.04,1439.44,2480.49,-398.41,-2437.07
Etron,2026-01-29,993.71,806.73,1800.44,187.00,-2250.07
Etron,2026-01-30,1174.71,794.49,1969.22,380.23,-1869.84
Etron,2026-02-02,1326.03,1025.66,2351.70,300.36,-1569.48
Etron,2026-02-03,1158.62,1165.17,2323.79,-6.55,-1576.03
Etron,2026-02-04,884.67,889.42,1774.08,-4.74,-1580.77
Etron,2026-02-05,770.26,1135.50,1905.77,-365.26,-1946.03
Etron,2026-02-06,1059.52,621.41,1680.92,438.12,-1507.91
Etron,2026-02-09,2629.05,1117.24,3746.29,1511.81,3.90
Etron,2026-02-10,1337.15,1941.61,3278.74,-604.46,-600.56
Etron,2026-02-11,1097.57,909.99,2007.55,187.58,-412.98
Etron,2026-02-12,1397.35,1107.76,2505.11,289.59,-123.39
Etron,2026-02-13,563.32,1050.09,1613.41,-486.77,-610.16
Etron,2026-02-16,865.36,566.85,1432.21,298.52,-311.64
Etron,2026-02-17,756.38,632.02,1388.40,124.37,-187.27
Etron,2026-02-18,995.88,946.74,1942.61,49.13,-138.14
Etron,2026-02-19,2671.48,1777.02,4448.51,894.45,756.31
Etron,2026-02-20,1153.99,1560.93,2714.92,-406.94,349.37
Etron,2026-02-23,3136.60,2378.07,5514.66,758.54,1107.91
Etron,2026-02-24,1378.06,1687.63,3065.68,-309.56,798.35
Etron,2026-02-25,3251.77,2171.62,5423.39,1080.15,1878.50
Etron,2026-02-26,1998.67,2404.88,4403.56,-406.21,1472.29
Etron,2026-02-27,2868.29,2716.58,5584.87,151.72,1624.01
Etron,2026-03-02,2956.45,2056.76,5013.21,899.68,2523.69
Etron,2026-03-04,3811.80,3020.47,6832.27,791.31,3315.00
Etron,2026-03-05,3005.18,3697.44,6702.62,-692.27,2622.73
Etron,2026-03-06,1572.91,2434.55,4007.46,-861.64,1761.09
Etron,2026-03-09,2909.11,3445.64,6354.75,-536.52,1224.57
Etron,2026-03-10,1966.35,2822.76,4789.11,-856.38,368.19
Etron,2026-03-11,1925.95,2322.43,4248.40,-396.48,-28.29
Etron,2026-03-12,1494.46,1834.96,3329.41,-340.51,-368.80
Etron,2026-03-13,830.49,1820.84,2651.33,-990.35,-1359.15
Etron,2026-03-16,1306.89,1034.37,2341.27,272.52,-1086.63
Etron,2026-03-17,2111.29,1929.08,4040.38,182.20,-904.43
Etron,2026-03-18,2428.18,2290.96,4719.14,137.22,-767.21
Etron,2026-03-19,2116.57,2348.95,4465.52,-232.37,-999.58
Etron,2026-03-20,2439.27,2923.12,5362.39,-483.85,-1483.43
Etron,2026-03-23,1449.48,1940.70,3390.18,-491.20,-1974.63
Etron,2026-03-24,1978.48,1972.24,3950.71,6.22,-1968.41
Etron,2026-03-25,5508.59,2819.44,8328.03,2689.16,720.75
Etron,2026-03-26,1373.40,2670.65,4044.06,-1297.25,-576.50
Etron,2026-03-27,1500.46,1991.99,3492.46,-491.52,-1068.02
Etron,2026-03-30,2175.25,3098.46,5273.71,-923.21,-1991.23
Etron,2026-03-31,2984.32,4278.52,7262.84,-1294.20,-3285.43
Etron,2026-04-01,3273.86,2214.13,5487.99,1059.73,-2225.70
Etron,2026-04-02,2302.62,1658.49,3961.11,644.13,-1581.57
Etron,2026-04-03,976.46,1139.14,2115.59,-162.69,-1744.26
Etron,2026-04-07,1558.78,898.01,2456.78,660.77,-1083.49
Etron,2026-04-08,2049.01,1913.69,3962.69,135.33,-948.16
Etron,2026-04-09,5283.11,2459.58,7742.69,2823.53,1875.37
Etron,2026-04-10,4207.78,2225.14,6432.93,1982.64,3858.01
Etron,2026-04-16,2251.37,3169.57,5420.94,-918.18,2939.83
Etron,2026-04-17,1335.69,1345.13,2680.83,-9.44,2930.39
Etron,2026-04-20,1001.13,862.12,1863.26,139.00,3069.39
Etron,2026-04-21,1376.38,1192.49,2568.89,183.89,3253.28
Conmat,2026-01-05,451.09,260.02,711.12,191.07,191.07
Conmat,2026-01-06,225.94,184.53,410.49,41.41,232.48
Conmat,2026-01-07,614.67,469.23,1083.90,145.44,377.92
Conmat,2026-01-08,186.28,305.78,492.07,-119.51,258.41
Conmat,2026-01-09,157.17,227.86,385.03,-70.69,187.72
Conmat,2026-01-12,150.07,177.84,327.89,-27.77,159.95
Conmat,2026-01-13,207.33,164.29,371.62,43.04,202.99
Conmat,2026-01-14,247.74,169.73,417.47,78.01,281.00
Conmat,2026-01-15,261.59,324.42,586.01,-62.83,218.17
Conmat,2026-01-16,101.79,254.81,356.60,-153.01,65.16
Conmat,2026-01-19,172.04,267.70,439.74,-95.65,-30.49
Conmat,2026-01-20,134.58,252.71,387.30,-118.12,-148.61
Conmat,2026-01-21,160.72,113.77,274.50,46.95,-101.66
Conmat,2026-01-22,283.67,202.27,485.92,81.41,-20.25
Conmat,2026-01-23,147.03,164.87,311.91,-17.84,-38.09
Conmat,2026-01-26,256.76,213.50,470.26,43.25,5.16
Conmat,2026-01-27,250.91,296.82,547.73,-45.91,-40.75
Conmat,2026-01-28,151.48,219.67,371.15,-68.19,-108.94
Conmat,2026-01-29,138.43,380.86,519.29,-242.42,-351.36
Conmat,2026-01-30,324.56,384.69,709.26,-60.13,-411.49
Conmat,2026-02-02,215.32,234.94,450.26,-19.62,-431.11
Conmat,2026-02-03,286.23,326.52,612.74,-40.29,-471.40
Conmat,2026-02-04,344.44,274.27,618.70,70.17,-401.23
Conmat,2026-02-05,165.55,196.50,362.05,-30.95,-432.18
Conmat,2026-02-06,730.24,167.40,897.64,562.84,130.66
Conmat,2026-02-09,368.41,350.89,719.30,17.52,148.18
Conmat,2026-02-10,366.95,199.59,566.53,167.37,315.55
Conmat,2026-02-11,249.51,138.42,387.93,111.10,426.65
Conmat,2026-02-12,393.05,279.56,672.61,113.49,540.14
Conmat,2026-02-13,482.91,527.22,1010.13,-44.30,495.84
Conmat,2026-02-16,143.82,316.97,460.81,-173.15,322.69
Conmat,2026-02-17,157.29,183.51,340.79,-26.21,296.48
Conmat,2026-02-18,197.93,174.34,372.28,23.59,320.07
Conmat,2026-02-19,370.74,204.92,575.67,165.82,485.89
Conmat,2026-02-20,185.06,280.01,465.08,-94.95,390.94
Conmat,2026-02-23,444.00,379.66,823.65,64.33,455.27
Conmat,2026-02-24,703.00,345.31,1048.31,357.70,812.97
Conmat,2026-02-25,1190.61,606.67,1797.26,583.94,1396.91
Conmat,2026-02-26,316.89,597.78,914.68,-280.89,1116.02
Conmat,2026-02-27,797.64,443.82,1241.47,353.82,1469.84
Conmat,2026-03-02,435.57,601.67,1037.24,-166.10,1303.74
Conmat,2026-03-04,824.24,973.62,1797.87,-149.38,1154.36
Conmat,2026-03-05,336.52,523.15,859.67,-186.64,967.72
Conmat,2026-03-06,344.40,340.76,685.16,3.65,971.37
Conmat,2026-03-09,911.39,921.84,1833.24,-10.45,960.92
Conmat,2026-03-10,323.68,518.80,842.46,-195.12,765.80
Conmat,2026-03-11,391.49,498.72,890.21,-107.23,658.57
Conmat,2026-03-12,362.46,488.04,850.51,-125.57,533.00
Conmat,2026-03-13,302.15,397.70,699.85,-95.55,437.45
Conmat,2026-03-16,220.64,228.38,449.04,-7.75,429.70
Conmat,2026-03-17,644.27,378.71,1022.97,265.55,695.25
Conmat,2026-03-18,267.71,401.08,668.79,-133.37,561.88
Conmat,2026-03-19,256.92,379.96,636.89,-123.03,438.85
Conmat,2026-03-20,455.90,453.90,909.80,1.99,440.84
Conmat,2026-03-23,211.29,273.40,484.70,-62.11,378.73
Conmat,2026-03-24,412.18,482.17,894.35,-69.99,308.74
Conmat,2026-03-25,718.60,485.72,1204.32,232.87,541.61
Conmat,2026-03-26,393.30,411.99,805.30,-18.68,522.93
Conmat,2026-03-27,521.12,492.51,1013.63,28.62,551.55
Conmat,2026-03-30,498.89,421.29,920.18,77.60,629.15
Conmat,2026-03-31,383.28,524.16,907.43,-140.87,488.28
Conmat,2026-04-01,400.75,203.53,604.28,197.22,685.50
Conmat,2026-04-02,229.44,174.92,404.36,54.51,740.01
Conmat,2026-04-03,279.76,156.73,436.49,123.03,863.04
Conmat,2026-04-07,275.90,177.69,453.58,98.21,961.25
Conmat,2026-04-08,433.65,314.96,748.61,118.71,1079.96
Conmat,2026-04-09,266.83,296.92,563.74,-30.10,1049.86
Conmat,2026-04-10,243.00,215.03,458.05,27.98,1077.84
Conmat,2026-04-16,2204.05,858.22,3062.27,1345.83,2423.67
Conmat,2026-04-17,809.44,490.17,1299.61,319.27,2742.94
Conmat,2026-04-20,755.79,459.84,1215.63,295.94,3038.88
Conmat,2026-04-21,325.91,404.65,730.58,-78.75,2960.13
Helth,2026-01-05,490.69,301.01,791.70,189.68,189.68
Helth,2026-01-06,551.96,594.24,1146.19,-42.28,147.40
Helth,2026-01-07,815.90,589.45,1405.35,226.45,373.85
Helth,2026-01-08,426.20,710.08,1136.28,-283.87,89.98
Helth,2026-01-09,685.71,855.92,1541.62,-170.20,-80.22
Helth,2026-01-12,1028.59,1111.91,2140.49,-83.32,-163.54
Helth,2026-01-13,1008.98,929.67,1938.64,79.30,-84.24
Helth,2026-01-14,569.86,720.03,1289.89,-150.17,-234.41
Helth,2026-01-15,560.63,667.92,1228.55,-107.30,-341.71
Helth,2026-01-16,639.28,720.69,1359.97,-81.43,-423.14
Helth,2026-01-19,1112.07,799.57,1911.64,312.52,-110.62
Helth,2026-01-20,2005.05,1341.29,3346.34,663.76,553.14
Helth,2026-01-21,1374.01,877.54,2251.55,496.48,1049.62
Helth,2026-01-22,3125.24,994.93,4120.17,2130.34,3179.96
Helth,2026-01-23,1265.58,803.31,2068.88,462.26,3642.22
Helth,2026-01-26,618.45,750.91,1369.37,-132.46,3509.76
Helth,2026-01-27,703.06,901.21,1604.26,-198.14,3311.62
Helth,2026-01-28,404.27,491.53,895.79,-87.27,3224.35
Helth,2026-01-29,353.59,639.65,993.24,-286.08,2938.27
Helth,2026-01-30,529.59,385.69,915.30,143.90,3082.17
Helth,2026-02-02,551.34,465.51,1016.85,85.83,3168.00
Helth,2026-02-03,668.95,608.04,1276.99,60.92,3228.92
Helth,2026-02-04,459.13,358.98,818.09,100.15,3329.07
Helth,2026-02-05,649.86,561.12,1210.97,88.74,3417.81
Helth,2026-02-06,822.39,714.60,1537.00,107.81,3525.62
Helth,2026-02-09,1087.86,1472.98,2560.85,-385.13,3140.49
Helth,2026-02-10,900.86,781.41,1682.26,119.46,3259.95
Helth,2026-02-11,833.45,892.31,1725.77,-58.85,3201.10
Helth,2026-02-12,711.09,727.83,1438.91,-16.74,3184.36
Helth,2026-02-13,830.00,1088.01,1918.01,-258.00,2926.36
Helth,2026-02-16,911.41,583.88,1495.30,327.52,3253.88
Helth,2026-02-17,268.66,417.78,686.44,-149.12,3104.76
Helth,2026-02-18,438.05,501.39,939.44,-63.34,3041.42
Helth,2026-02-19,1143.08,897.46,2040.54,245.60,3287.02
Helth,2026-02-20,718.02,696.08,1414.09,21.94,3308.96
Helth,2026-02-23,1022.91,806.86,1829.78,216.04,3525.00
Helth,2026-02-24,1499.58,909.61,2409.18,589.97,4114.97
Helth,2026-02-25,829.44,800.36,1629.80,29.09,4144.06
Helth,2026-02-26,1668.83,883.91,2552.75,784.92,4928.98
Helth,2026-02-27,1751.32,1482.41,3233.74,268.93,5197.91
Helth,2026-03-02,1367.17,1572.13,2939.30,-204.96,4992.95
Helth,2026-03-04,2342.53,1780.77,4123.31,561.74,5554.69
Helth,2026-03-05,1204.60,1927.93,3132.52,-723.33,4831.36
Helth,2026-03-06,942.13,975.85,1918.00,-33.72,4797.64
Helth,2026-03-09,1440.97,1340.04,2781.01,100.94,4898.58
Helth,2026-03-10,826.13,1440.26,2266.39,-614.14,4284.44
Helth,2026-03-11,530.93,1044.05,1574.96,-513.13,3771.31
Helth,2026-03-12,985.06,1537.86,2522.91,-552.81,3218.50
Helth,2026-03-13,472.75,1014.55,1487.29,-541.81,2676.69
Helth,2026-03-16,473.12,575.63,1048.73,-102.52,2574.17
Helth,2026-03-17,512.09,1015.38,1527.45,-503.31,2070.86
Helth,2026-03-18,429.56,643.63,1073.17,-214.09,1856.77
Helth,2026-03-19,435.70,800.13,1235.82,-364.42,1492.35
Helth,2026-03-20,1146.01,1260.58,2406.57,-114.56,1377.79
Helth,2026-03-23,622.76,982.22,1604.96,-359.46,1018.33
Helth,2026-03-24,403.68,557.08,960.75,-153.41,864.92
Helth,2026-03-25,819.91,947.59,1767.51,-127.70,737.22
Helth,2026-03-26,354.45,739.18,1093.62,-384.72,352.50
Helth,2026-03-27,823.98,576.49,1400.48,247.50,600.00
Helth,2026-03-30,996.42,610.33,1606.75,386.09,986.09
Helth,2026-03-31,637.00,830.27,1467.27,-193.28,792.81
Helth,2026-04-01,942.19,689.53,1631.71,252.66,1045.47
Helth,2026-04-02,848.36,646.00,1494.38,202.36,1247.83
Helth,2026-04-03,380.00,561.75,941.76,-181.75,1066.08
Helth,2026-04-07,289.88,331.29,621.18,-41.39,1024.69
Helth,2026-04-08,1076.36,626.28,1702.66,450.09,1474.78
Helth,2026-04-09,479.67,1048.75,1528.41,-569.08,905.70
Helth,2026-04-10,375.83,492.65,868.49,-116.80,788.90
Helth,2026-04-16,1013.84,870.52,1884.35,143.31,932.21
Helth,2026-04-17,562.90,551.40,1114.30,11.48,943.69
Helth,2026-04-20,359.50,471.63,831.13,-112.13,831.56
Helth,2026-04-21,304.44,414.47,718.91,-110.04,721.52
Packaging,2026-01-05,47.81,49.72,97.53,-1.91,-1.91
Packaging,2026-01-06,101.51,89.20,190.70,12.31,10.40
Packaging,2026-01-07,122.29,82.31,204.59,39.98,50.38
Packaging,2026-01-08,91.11,101.24,192.35,-10.12,40.26
Packaging,2026-01-09,42.13,33.57,75.70,8.55,48.81
Packaging,2026-01-12,35.70,37.09,72.79,-1.38,47.43
Packaging,2026-01-13,83.57,52.06,135.63,31.51,78.94
Packaging,2026-01-14,92.90,54.34,147.24,38.57,117.51
Packaging,2026-01-15,378.38,170.05,548.43,208.33,325.84
Packaging,2026-01-16,167.93,141.25,309.18,26.68,352.52
Packaging,2026-01-19,208.81,92.23,301.03,116.58,469.10
Packaging,2026-01-20,112.91,49.39,162.29,63.52,532.62
Packaging,2026-01-21,160.80,72.54,233.33,88.26,620.88
Packaging,2026-01-22,121.48,57.16,178.64,64.32,685.20
Packaging,2026-01-23,58.41,44.49,102.90,13.92,699.12
Packaging,2026-01-26,85.58,50.73,136.30,34.85,733.97
Packaging,2026-01-27,104.42,97.65,202.06,6.77,740.74
Packaging,2026-01-28,238.08,210.32,448.40,27.77,768.51
Packaging,2026-01-29,181.88,226.61,408.48,-44.73,723.78
Packaging,2026-01-30,81.48,84.94,166.41,-3.46,720.32
Packaging,2026-02-02,72.39,58.42,130.81,13.96,734.28
Packaging,2026-02-03,108.28,105.46,213.75,2.82,737.10
Packaging,2026-02-04,66.65,24.55,91.20,42.10,779.20
Packaging,2026-02-05,41.93,71.19,113.12,-29.26,749.94
Packaging,2026-02-06,84.90,67.42,152.33,17.48,767.42
Packaging,2026-02-09,98.45,109.77,208.22,-11.32,756.10
Packaging,2026-02-10,57.37,57.78,115.14,-0.41,755.69
Packaging,2026-02-11,38.63,49.45,88.08,-10.82,744.87
Packaging,2026-02-12,95.26,80.01,175.27,15.25,760.12
Packaging,2026-02-13,37.22,38.61,75.83,-1.38,758.74
Packaging,2026-02-16,40.19,51.30,91.49,-11.10,747.64
Packaging,2026-02-17,76.91,78.91,155.82,-2.00,745.64
Packaging,2026-02-18,68.24,26.52,94.77,41.72,787.36
Packaging,2026-02-19,170.14,112.32,282.45,57.82,845.18
Packaging,2026-02-20,75.60,152.29,227.89,-76.70,768.48
Packaging,2026-02-23,232.86,196.36,429.22,36.49,804.97
Packaging,2026-02-24,71.34,77.71,149.05,-6.37,798.60
Packaging,2026-02-25,127.96,137.97,265.93,-10.00,788.60
Packaging,2026-02-26,61.76,83.06,144.83,-21.30,767.30
Packaging,2026-02-27,40.03,57.62,97.66,-17.59,749.71
Packaging,2026-03-02,100.52,130.22,230.74,-29.70,720.01
Packaging,2026-03-04,136.70,166.86,303.56,-30.15,689.86
Packaging,2026-03-05,106.55,190.57,297.12,-84.03,605.83
Packaging,2026-03-06,68.23,82.85,151.08,-14.61,591.22
Packaging,2026-03-09,110.69,115.83,226.52,-5.14,586.08
Packaging,2026-03-10,70.78,104.71,175.50,-33.93,552.15
Packaging,2026-03-11,92.59,143.81,236.40,-51.22,500.93
Packaging,2026-03-12,81.47,76.88,158.35,4.59,505.52
Packaging,2026-03-13,63.75,118.01,181.76,-54.26,451.26
Packaging,2026-03-16,42.82,64.07,106.89,-21.25,430.01
Packaging,2026-03-17,192.97,128.57,321.54,64.41,494.42
Packaging,2026-03-18,72.76,163.04,235.80,-90.28,404.14
Packaging,2026-03-19,51.15,95.37,146.52,-44.22,359.92
Packaging,2026-03-20,98.23,70.26,168.49,27.96,387.88
Packaging,2026-03-23,63.53,88.03,151.56,-24.50,363.38
Packaging,2026-03-24,108.72,131.40,240.11,-22.68,340.70
Packaging,2026-03-25,155.10,154.19,309.29,0.91,341.61
Packaging,2026-03-26,60.78,99.66,160.44,-38.87,302.74
Packaging,2026-03-27,107.61,99.69,207.30,7.92,310.66
Packaging,2026-03-30,160.96,108.96,269.92,52.00,362.66
Packaging,2026-03-31,162.73,163.31,326.04,-0.58,362.08
Packaging,2026-04-01,173.51,117.13,290.63,56.38,418.46
Packaging,2026-04-02,145.20,124.26,269.46,20.93,439.39
Packaging,2026-04-03,54.25,53.36,107.61,0.89,440.28
Packaging,2026-04-07,64.26,54.44,118.69,9.82,450.10
Packaging,2026-04-08,106.94,93.05,199.98,13.89,463.99
Packaging,2026-04-09,69.74,113.12,182.86,-43.38,420.61
Packaging,2026-04-10,164.46,66.27,230.72,98.19,518.80
Packaging,2026-04-16,141.04,130.66,271.69,10.38,529.18
Packaging,2026-04-17,80.30,41.39,121.69,38.92,568.10
Packaging,2026-04-20,44.13,69.86,113.99,-25.74,542.36
Packaging,2026-04-21,71.90,55.06,126.96,16.84,559.20
Cons,2026-01-05,21.65,18.13,39.77,3.53,3.53
Cons,2026-01-06,29.67,18.76,48.43,10.91,14.44
Cons,2026-01-07,35.28,8.80,44.08,26.48,40.92
Cons,2026-01-08,15.07,28.22,43.28,-13.15,27.77
Cons,2026-01-09,22.91,16.62,39.54,6.30,34.07
Cons,2026-01-12,17.65,24.59,42.23,-6.94,27.13
Cons,2026-01-13,22.80,20.23,43.02,2.57,29.70
Cons,2026-01-14,33.17,20.38,53.55,12.79,42.49
Cons,2026-01-15,44.04,25.03,69.06,19.00,61.49
Cons,2026-01-16,155.88,79.20,235.08,76.69,138.18
Cons,2026-01-19,24.83,45.73,70.57,-20.90,117.28
Cons,2026-01-20,74.39,39.60,114.01,34.79,152.07
Cons,2026-01-21,98.92,61.49,160.41,37.44,189.51
Cons,2026-01-22,27.45,54.53,81.98,-27.08,162.43
Cons,2026-01-23,23.76,20.20,43.96,3.56,165.99
Cons,2026-01-26,45.23,23.89,69.12,21.34,187.33
Cons,2026-01-27,30.14,23.88,54.03,6.27,193.60
Cons,2026-01-28,40.83,40.99,81.82,-0.16,193.44
Cons,2026-01-29,24.73,41.91,66.64,-17.19,176.25
Cons,2026-01-30,24.24,20.82,45.07,3.42,179.67
Cons,2026-02-02,38.53,33.91,72.44,4.61,184.28
Cons,2026-02-03,57.95,21.56,79.51,36.39,220.67
Cons,2026-02-04,71.24,49.30,120.53,21.93,242.60
Cons,2026-02-05,29.39,40.68,70.07,-11.29,231.31
Cons,2026-02-06,20.54,40.63,61.18,-20.09,211.22
Cons,2026-02-09,287.41,132.53,419.94,154.89,366.11
Cons,2026-02-10,140.33,90.60,230.93,49.73,415.84
Cons,2026-02-11,106.57,113.66,220.24,-7.09,408.75
Cons,2026-02-12,105.02,74.12,179.14,30.89,439.64
Cons,2026-02-13,123.70,125.45,249.14,-1.75,437.89
Cons,2026-02-16,52.79,44.40,97.19,8.39,446.28
Cons,2026-02-17,122.93,87.42,210.35,35.50,481.78
Cons,2026-02-18,74.78,97.97,172.75,-23.19,458.59
Cons,2026-02-19,88.18,65.61,153.80,22.58,481.17
Cons,2026-02-20,160.53,99.45,259.99,61.08,542.25
Cons,2026-02-23,113.76,66.75,180.51,47.00,589.25
Cons,2026-02-24,496.19,168.16,664.35,328.03,917.28
Cons,2026-02-25,216.69,258.50,475.18,-41.81,875.47
Cons,2026-02-26,176.90,149.51,326.42,27.39,902.86
Cons,2026-02-27,129.41,149.03,278.44,-19.62,883.24
Cons,2026-03-02,271.99,95.21,367.20,176.78,1060.02
Cons,2026-03-04,351.83,356.49,708.32,-4.66,1055.36
Cons,2026-03-05,192.18,330.83,523.01,-138.65,916.71
Cons,2026-03-06,152.98,195.95,348.93,-42.97,873.74
Cons,2026-03-09,279.03,176.08,455.11,102.94,976.68
Cons,2026-03-10,170.32,177.93,348.24,-7.61,969.07
Cons,2026-03-11,35.89,139.54,175.42,-103.65,865.42
Cons,2026-03-12,151.87,114.25,266.12,37.62,903.04
Cons,2026-03-13,79.80,182.72,262.52,-102.90,800.14
Cons,2026-03-16,57.44,164.76,222.20,-107.31,692.83
Cons,2026-03-17,92.45,74.65,167.10,17.80,710.63
Cons,2026-03-18,194.71,169.90,364.61,24.82,735.45
Cons,2026-03-19,60.97,288.73,349.70,-227.76,507.69
Cons,2026-03-20,40.73,63.30,104.03,-22.57,485.12
Cons,2026-03-23,37.16,65.86,103.01,-28.70,456.42
Cons,2026-03-24,28.78,49.77,78.54,-20.99,435.43
Cons,2026-03-25,87.97,72.65,160.62,15.32,450.75
Cons,2026-03-26,47.26,76.30,123.55,-29.04,421.71
Cons,2026-03-27,27.47,34.05,61.52,-6.57,415.14
Cons,2026-03-30,51.29,38.58,89.87,12.71,427.85
Cons,2026-03-31,108.45,95.33,203.78,13.12,440.97
Cons,2026-04-01,519.87,155.92,675.80,363.95,804.92
Cons,2026-04-02,123.92,188.20,312.12,-64.28,740.64
Cons,2026-04-03,84.38,218.99,303.37,-134.61,606.03
Cons,2026-04-07,48.00,113.14,161.14,-65.13,540.90
Cons,2026-04-08,96.43,63.10,159.53,33.32,574.22
Cons,2026-04-09,43.22,192.75,235.97,-149.52,424.70
Cons,2026-04-10,52.12,116.49,168.61,-64.38,360.32
Cons,2026-04-16,152.16,107.30,259.47,44.85,405.17
Cons,2026-04-17,49.84,92.74,142.58,-42.90,362.27
Cons,2026-04-20,38.68,80.46,119.13,-41.78,320.49
Cons,2026-04-21,163.68,125.68,289.36,38.00,358.49
Media,2026-01-05,19.51,29.98,49.48,-10.47,-10.47
Media,2026-01-06,13.27,14.11,27.38,-0.84,-11.31
Media,2026-01-07,33.64,20.77,54.42,12.87,1.56
Media,2026-01-08,1.14,14.47,15.62,-13.34,-11.78
Media,2026-01-09,12.72,29.19,41.91,-16.47,-28.25
Media,2026-01-12,25.47,38.50,63.98,-13.04,-41.29
Media,2026-01-13,32.86,27.16,60.02,5.70,-35.59
Media,2026-01-14,64.67,29.33,94.01,35.34,-0.25
Media,2026-01-15,47.76,41.78,89.53,5.98,5.73
Media,2026-01-16,17.03,18.27,35.30,-1.24,4.49
Media,2026-01-19,36.31,30.12,66.43,6.19,10.68
Media,2026-01-20,28.65,20.37,49.02,8.28,18.96
Media,2026-01-21,31.22,20.07,51.29,11.16,30.12
Media,2026-01-22,44.64,36.51,81.15,8.13,38.25
Media,2026-01-23,23.34,17.08,40.43,6.26,44.51
Media,2026-01-26,41.81,32.75,74.55,9.05,53.56
Media,2026-01-27,20.16,10.55,30.71,9.61,63.17
Media,2026-01-28,19.83,20.25,40.08,-0.42,62.75
Media,2026-01-29,24.15,25.42,49.57,-1.25,61.50
Media,2026-01-30,15.17,8.52,23.69,6.64,68.14
Media,2026-02-02,8.05,12.73,20.79,-4.69,63.45
Media,2026-02-03,33.72,8.31,42.03,25.41,88.86
Media,2026-02-04,12.87,22.24,35.10,-9.36,79.50
Media,2026-02-05,40.67,8.53,49.20,32.13,111.63
Media,2026-02-06,14.51,25.70,40.22,-11.19,100.44
Media,2026-02-09,60.05,14.79,74.85,45.26,145.70
Media,2026-02-10,125.07,45.71,170.78,79.36,225.06
Media,2026-02-11,52.29,55.92,108.22,-3.63,221.43
Media,2026-02-12,34.39,67.87,102.26,-33.48,187.95
Media,2026-02-13,179.45,118.24,297.69,61.22,249.17
Media,2026-02-16,84.90,164.58,249.47,-79.68,169.49
Media,2026-02-17,57.42,58.73,116.15,-1.31,168.18
Media,2026-02-18,117.57,68.40,185.98,49.17,217.35
Media,2026-02-19,70.04,69.12,139.17,0.92,218.27
Media,2026-02-20,122.12,91.26,213.37,30.85,249.12
Media,2026-02-23,142.78,71.15,213.92,71.62,320.74
Media,2026-02-24,133.86,115.77,249.62,18.09,338.83
Media,2026-02-25,39.48,107.56,147.04,-68.08,270.75
Media,2026-02-26,26.97,57.03,83.99,-30.06,240.69
Media,2026-02-27,193.64,122.32,315.96,71.33,312.02
Media,2026-03-02,104.62,73.43,178.06,31.20,343.22
Media,2026-03-04,102.74,78.79,181.53,23.96,367.18
Media,2026-03-05,56.69,66.91,123.60,-10.21,356.97
Media,2026-03-06,27.55,31.12,58.67,-3.56,353.41
Media,2026-03-09,74.37,37.59,111.97,36.78,390.19
Media,2026-03-10,33.66,63.27,96.94,-29.61,360.58
Media,2026-03-11,37.11,41.69,78.80,-4.59,355.99
Media,2026-03-12,34.87,34.29,69.15,0.57,356.56
Media,2026-03-13,21.81,52.17,73.98,-30.36,326.20
Media,2026-03-16,68.84,56.91,125.75,11.91,338.11
Media,2026-03-17,54.33,52.71,107.04,1.62,339.73
Media,2026-03-18,44.16,91.33,135.49,-47.16,292.57
Media,2026-03-19,26.01,25.40,51.42,0.62,293.19
Media,2026-03-20,71.75,48.33,120.08,23.42,316.61
Media,2026-03-23,23.36,34.31,57.67,-10.95,305.66
Media,2026-03-24,31.93,39.65,71.58,-7.71,297.95
Media,2026-03-25,18.31,34.16,52.47,-15.84,282.11
Media,2026-03-26,18.86,25.32,44.18,-6.46,275.65
Media,2026-03-27,26.31,26.23,52.54,0.08,275.73
Media,2026-03-30,14.48,14.40,28.87,0.07,275.80
Media,2026-03-31,50.46,57.79,108.26,-7.33,268.47
Media,2026-04-01,48.38,64.36,112.74,-15.98,252.49
Media,2026-04-02,22.43,29.87,52.30,-7.45,245.04
Media,2026-04-03,26.71,40.99,67.70,-14.28,230.76
Media,2026-04-07,18.99,22.02,41.01,-3.03,227.73
Media,2026-04-08,51.24,36.87,88.10,14.37,242.10
Media,2026-04-09,7.87,31.98,39.85,-24.10,218.00
Media,2026-04-10,9.48,12.11,21.59,-2.63,215.37
Media,2026-04-16,47.17,15.77,62.94,31.40,246.77
Media,2026-04-17,23.64,25.92,49.57,-2.28,244.49
Media,2026-04-20,20.40,20.03,40.43,0.37,244.86
Media,2026-04-21,38.55,44.79,83.33,-6.24,238.62
Person,2026-01-05,9.37,10.11,19.48,-0.74,-0.74
Person,2026-01-06,6.14,6.99,13.13,-0.85,-1.59
Person,2026-01-07,1.93,5.84,7.77,-3.92,-5.51
Person,2026-01-08,4.66,3.10,7.76,1.56,-3.95
Person,2026-01-09,1.66,3.93,5.58,-2.27,-6.22
Person,2026-01-12,1.43,4.16,5.59,-2.73,-8.95
Person,2026-01-13,15.90,9.51,25.41,6.38,-2.57
Person,2026-01-14,15.25,1.83,17.08,13.42,10.85
Person,2026-01-15,9.41,3.37,12.78,6.04,16.89
Person,2026-01-16,1.19,4.42,5.61,-3.23,13.66
Person,2026-01-19,1.50,9.87,11.37,-8.37,5.29
Person,2026-01-20,6.23,2.05,8.27,4.18,9.47
Person,2026-01-21,4.04,3.24,7.29,0.80,10.27
Person,2026-01-22,4.71,5.01,9.72,-0.30,9.97
Person,2026-01-23,19.59,6.06,25.65,13.52,23.49
Person,2026-01-26,5.75,11.06,16.81,-5.30,18.19
Person,2026-01-27,2.22,3.73,5.96,-1.51,16.68
Person,2026-01-28,4.52,6.48,11.00,-1.97,14.71
Person,2026-01-29,4.03,4.56,8.59,-0.53,14.18
Person,2026-01-30,20.01,12.49,32.50,7.52,21.70
Person,2026-02-02,18.35,10.20,28.56,8.15,29.85
Person,2026-02-03,7.60,4.70,12.30,2.89,32.74
Person,2026-02-04,9.08,2.69,11.78,6.39,39.13
Person,2026-02-05,2.82,14.48,17.30,-11.66,27.47
Person,2026-02-06,3.01,4.85,7.86,-1.85,25.62
Person,2026-02-09,8.16,10.03,18.19,-1.88,23.74
Person,2026-02-10,9.29,5.88,15.17,3.41,27.15
Person,2026-02-11,10.05,12.10,22.15,-2.05,25.10
Person,2026-02-12,12.81,5.00,17.80,7.81,32.91
Person,2026-02-13,7.39,27.82,35.20,-20.43,12.48
Person,2026-02-16,0.34,23.94,24.28,-23.60,-11.12
Person,2026-02-17,1.53,7.43,8.96,-5.91,-17.03
Person,2026-02-18,0.43,7.57,8.00,-7.14,-24.17
Person,2026-02-19,3.43,4.35,7.78,-0.92,-25.09
Person,2026-02-20,1.92,8.31,10.23,-6.39,-31.48
Person,2026-02-23,16.50,16.38,32.88,0.11,-31.37
Person,2026-02-24,6.26,8.29,14.55,-2.03,-33.40
Person,2026-02-25,6.91,6.32,13.23,0.59,-32.81
Person,2026-02-26,2.99,4.16,7.15,-1.17,-33.98
Person,2026-02-27,2.99,1.58,4.57,1.41,-32.57
Person,2026-03-02,8.68,2.28,10.96,6.40,-26.17
Person,2026-03-04,7.02,10.34,17.36,-3.32,-29.49
Person,2026-03-05,6.64,6.42,13.06,0.23,-29.26
Person,2026-03-06,99.03,11.91,110.94,87.12,57.86
Person,2026-03-09,13.70,39.16,52.86,-25.47,32.39
Person,2026-03-10,6.72,14.67,21.39,-7.95,24.44
Person,2026-03-11,8.24,18.07,26.31,-9.83,14.61
Person,2026-03-12,4.66,14.43,19.09,-9.77,4.84
Person,2026-03-13,6.02,15.17,21.19,-9.15,-4.31
Person,2026-03-16,7.01,10.99,18.00,-3.98,-8.29
Person,2026-03-17,10.68,5.37,16.06,5.31,-2.98
Person,2026-03-18,16.37,19.56,35.93,-3.20,-6.18
Person,2026-03-19,15.76,31.91,47.67,-16.14,-22.32
Person,2026-03-20,9.61,31.64,41.24,-22.03,-44.35
Person,2026-03-23,14.46,16.15,30.60,-1.69,-46.04
Person,2026-03-24,12.57,26.63,39.19,-14.06,-60.10
Person,2026-03-25,2.79,4.77,7.55,-1.98,-62.08
Person,2026-03-26,2.32,8.18,10.49,-5.86,-67.94
Person,2026-03-27,90.24,15.32,105.57,74.92,6.98
Person,2026-03-30,57.23,23.70,80.93,33.54,40.52
Person,2026-03-31,47.40,8.11,55.51,39.29,79.81
Person,2026-04-01,41.59,10.03,51.62,31.56,111.37
Person,2026-04-02,62.48,9.83,72.32,52.65,164.02
Person,2026-04-03,7.35,7.77,15.13,-0.42,163.60
Person,2026-04-07,2.00,5.76,7.76,-3.75,159.85
Person,2026-04-08,5.76,5.41,11.17,0.35,160.20
Person,2026-04-09,7.66,6.39,14.05,1.27,161.47
Person,2026-04-10,13.09,8.35,21.44,4.74,166.21
Person,2026-04-16,7.52,11.94,19.45,-4.42,161.79
Person,2026-04-17,0.54,3.25,3.79,-2.71,159.08
Person,2026-04-20,0.30,6.35,6.65,-6.05,153.03
Person,2026-04-21,1.75,1.81,3.55,-0.06,152.97
Fashion,2026-01-05,0.38,0.59,0.97,-0.22,-0.22
Fashion,2026-01-06,0.24,0.53,0.77,-0.28,-0.50
Fashion,2026-01-07,0.92,0.47,1.39,0.45,-0.05
Fashion,2026-01-08,0.63,0.20,0.83,0.42,0.37
Fashion,2026-01-09,0.56,0.44,1.00,0.12,0.49
Fashion,2026-01-12,0.17,0.90,1.07,-0.74,-0.25
Fashion,2026-01-13,0.00,0.83,0.83,-0.83,-1.08
Fashion,2026-01-14,0.08,0.49,0.57,-0.41,-1.49
Fashion,2026-01-15,0.21,0.51,0.72,-0.30,-1.79
Fashion,2026-01-16,1.22,0.39,1.61,0.84,-0.95
Fashion,2026-01-19,2.28,0.37,2.65,1.90,0.95
Fashion,2026-01-20,0.47,2.60,3.07,-2.14,-1.19
Fashion,2026-01-21,1.01,0.70,1.71,0.31,-0.88
Fashion,2026-01-22,0.46,2.44,2.90,-1.98,-2.86
Fashion,2026-01-23,2.38,3.01,5.39,-0.63,-3.49
Fashion,2026-01-26,0.90,1.27,2.17,-0.37,-3.86
Fashion,2026-01-27,2.68,1.28,3.97,1.40,-2.46
Fashion,2026-01-28,3.05,2.69,5.74,0.36,-2.10
Fashion,2026-01-29,1.81,1.60,3.41,0.20,-1.90
Fashion,2026-01-30,0.23,1.11,1.34,-0.87,-2.77
Fashion,2026-02-02,1.76,3.65,5.41,-1.89,-4.66
Fashion,2026-02-03,6.28,2.01,8.29,4.27,-0.39
Fashion,2026-02-04,0.94,1.65,2.59,-0.71,-1.10
Fashion,2026-02-05,3.61,2.73,6.34,0.87,-0.23
Fashion,2026-02-06,1.70,2.87,4.57,-1.18,-1.41
Fashion,2026-02-09,11.02,0.88,11.90,10.14,8.73
Fashion,2026-02-10,14.91,0.72,15.64,14.19,22.92
Fashion,2026-02-11,7.79,1.81,9.60,5.97,28.89
Fashion,2026-02-12,4.45,10.78,15.23,-6.32,22.57
Fashion,2026-02-13,0.83,1.97,2.80,-1.14,21.43
Fashion,2026-02-16,4.47,1.44,5.92,3.03,24.46
Fashion,2026-02-17,10.45,2.04,12.50,8.41,32.87
Fashion,2026-02-18,13.92,4.04,17.96,9.88,42.75
Fashion,2026-02-19,24.62,4.25,28.87,20.37,63.12
Fashion,2026-02-20,6.61,20.59,27.20,-13.98,49.14
Fashion,2026-02-23,10.02,3.54,13.56,6.49,55.63
Fashion,2026-02-24,14.59,4.41,19.00,10.18,65.81
Fashion,2026-02-25,28.65,6.87,35.52,21.78,87.59
Fashion,2026-02-26,5.67,20.48,26.14,-14.81,72.78
Fashion,2026-02-27,12.59,9.91,22.50,2.68,75.46
Fashion,2026-03-02,8.49,14.77,23.26,-6.29,69.17
Fashion,2026-03-04,2.83,12.41,15.24,-9.58,59.59
Fashion,2026-03-05,5.13,4.00,9.13,1.13,60.72
Fashion,2026-03-06,4.67,6.24,10.91,-1.58,59.14
Fashion,2026-03-09,1.35,6.16,7.51,-4.81,54.33
Fashion,2026-03-10,3.05,8.51,11.56,-5.46,48.87
Fashion,2026-03-11,7.86,3.58,11.44,4.28,53.15
Fashion,2026-03-12,1.70,2.97,4.67,-1.27,51.88
Fashion,2026-03-13,12.68,7.45,20.14,5.23,57.11
Fashion,2026-03-16,3.51,10.78,14.29,-7.27,49.84
Fashion,2026-03-17,3.67,10.68,14.36,-7.01,42.83
Fashion,2026-03-18,4.56,14.48,19.04,-9.93,32.90
Fashion,2026-03-19,7.55,12.35,19.90,-4.79,28.11
Fashion,2026-03-20,1.35,5.16,6.52,-3.81,24.30
Fashion,2026-03-23,0.94,13.55,14.49,-12.61,11.69
Fashion,2026-03-24,1.06,3.15,4.21,-2.09,9.60
Fashion,2026-03-25,6.66,10.58,17.23,-3.92,5.68
Fashion,2026-03-26,2.54,3.02,5.57,-0.48,5.20
Fashion,2026-03-27,3.80,5.89,9.68,-2.09,3.11
Fashion,2026-03-30,1.33,4.59,5.92,-3.27,-0.16
Fashion,2026-03-31,4.11,7.94,12.05,-3.83,-3.99
Fashion,2026-04-01,2.42,2.75,5.18,-0.33,-4.32
Fashion,2026-04-02,5.76,3.81,9.58,1.95,-2.37
Fashion,2026-04-03,1.24,2.39,3.63,-1.15,-3.52
Fashion,2026-04-07,3.26,2.74,6.00,0.52,-3.00
Fashion,2026-04-08,2.52,2.02,4.55,0.50,-2.50
Fashion,2026-04-09,1.00,6.22,7.22,-5.22,-7.72
Fashion,2026-04-10,5.43,2.94,8.37,2.49,-5.23
Fashion,2026-04-16,6.92,3.74,10.66,3.18,-2.05
Fashion,2026-04-17,8.12,4.27,12.39,3.86,1.81
Fashion,2026-04-20,4.24,3.81,8.05,0.44,2.25
Fashion,2026-04-21,2.88,1.23,4.11,1.66,3.91
Agri,2026-01-05,26.87,6.69,33.56,20.17,20.17
Agri,2026-01-06,43.85,7.45,51.29,36.40,56.57
Agri,2026-01-07,31.89,18.17,50.05,13.72,70.29
Agri,2026-01-08,15.36,14.14,29.50,1.22,71.51
Agri,2026-01-09,27.90,19.82,47.72,8.07,79.58
Agri,2026-01-12,7.70,16.63,24.32,-8.93,70.65
Agri,2026-01-13,15.19,17.44,32.63,-2.26,68.39
Agri,2026-01-14,12.75,10.66,23.41,2.10,70.49
Agri,2026-01-15,11.06,10.87,21.93,0.20,70.69
Agri,2026-01-16,13.66,12.52,26.18,1.14,71.83
Agri,2026-01-19,17.40,11.78,29.18,5.62,77.45
Agri,2026-01-20,37.31,13.24,50.56,24.07,101.52
Agri,2026-01-21,25.72,12.95,38.67,12.77,114.29
Agri,2026-01-22,47.28,29.52,76.80,17.76,132.05
Agri,2026-01-23,6.61,44.19,50.80,-37.58,94.47
Agri,2026-01-26,13.04,39.10,52.14,-26.05,68.42
Agri,2026-01-27,30.85,40.11,70.96,-9.25,59.17
Agri,2026-01-28,2.72,30.30,33.03,-27.58,31.59
Agri,2026-01-29,15.84,28.47,44.31,-12.62,18.97
Agri,2026-01-30,14.91,37.42,52.33,-22.50,-3.53
Agri,2026-02-02,25.55,34.91,60.46,-9.36,-12.89
Agri,2026-02-03,19.44,24.01,43.44,-4.56,-17.45
Agri,2026-02-04,17.55,9.68,27.23,7.87,-9.58
Agri,2026-02-05,30.39,18.98,49.37,11.41,1.83
Agri,2026-02-06,6.71,14.64,21.37,-7.93,-6.10
Agri,2026-02-09,47.61,23.60,71.22,24.01,17.91
Agri,2026-02-10,34.68,45.86,80.54,-11.19,6.72
Agri,2026-02-11,37.38,35.79,73.19,1.59,8.31
Agri,2026-02-12,21.72,26.63,48.36,-4.91,3.40
Agri,2026-02-13,22.48,53.82,76.29,-31.34,-27.94
Agri,2026-02-16,93.27,29.53,122.80,63.75,35.81
Agri,2026-02-17,29.44,65.34,94.78,-35.90,-0.09
Agri,2026-02-18,38.06,26.90,64.97,11.15,11.06
Agri,2026-02-19,16.01,54.80,70.81,-38.80,-27.74
Agri,2026-02-20,33.64,75.14,108.78,-41.51,-69.25
Agri,2026-02-23,67.63,72.10,139.74,-4.48,-73.73
Agri,2026-02-24,79.03,57.74,136.78,21.29,-52.44
Agri,2026-02-25,67.52,84.76,152.28,-17.24,-69.68
Agri,2026-02-26,28.91,47.43,76.34,-18.51,-88.19
Agri,2026-02-27,11.19,35.32,46.51,-24.13,-112.32
Agri,2026-03-02,42.00,32.18,74.17,9.82,-102.50
Agri,2026-03-04,93.51,72.44,165.94,21.08,-81.42
Agri,2026-03-05,43.95,44.50,88.44,-0.55,-81.97
Agri,2026-03-06,243.21,104.10,347.31,139.11,57.14
Agri,2026-03-09,115.88,262.42,378.31,-146.54,-89.40
Agri,2026-03-10,149.62,105.04,254.66,44.59,-44.81
Agri,2026-03-11,40.84,60.72,101.55,-19.87,-64.68
Agri,2026-03-12,129.68,75.01,204.69,54.68,-10.00
Agri,2026-03-13,66.73,61.12,127.86,5.61,-4.39
Agri,2026-03-16,91.43,105.06,196.49,-13.63,-18.02
Agri,2026-03-17,51.68,82.61,134.29,-30.93,-48.95
Agri,2026-03-18,78.11,51.96,130.07,26.14,-22.81
Agri,2026-03-19,51.95,63.73,115.69,-11.77,-34.58
Agri,2026-03-20,238.79,283.78,522.58,-44.99,-79.57
Agri,2026-03-23,108.35,119.48,227.82,-11.14,-90.71
Agri,2026-03-24,145.43,129.44,274.87,15.98,-74.73
Agri,2026-03-25,73.35,68.75,142.10,4.60,-70.13
Agri,2026-03-26,73.22,83.12,156.34,-9.90,-80.03
Agri,2026-03-27,132.50,84.82,217.31,47.68,-32.35
Agri,2026-03-30,55.13,74.62,129.75,-19.49,-51.84
Agri,2026-03-31,84.65,65.47,150.12,19.17,-32.67
Agri,2026-04-01,145.11,46.11,191.22,98.99,66.32
Agri,2026-04-02,69.12,92.09,161.21,-22.96,43.36
Agri,2026-04-03,22.92,25.14,48.06,-2.21,41.15
Agri,2026-04-07,21.08,51.60,72.69,-30.52,10.63
Agri,2026-04-08,27.59,31.13,58.72,-3.54,7.09
Agri,2026-04-09,39.51,46.62,86.13,-7.09,0.00
Agri,2026-04-10,22.58,31.65,54.22,-9.07,-9.07
Agri,2026-04-16,5.48,36.30,41.78,-30.82,-39.89
Agri,2026-04-17,9.43,22.56,31.99,-13.13,-53.02
Agri,2026-04-20,42.93,35.82,78.75,7.11,-45.91
Agri,2026-04-21,25.48,30.92,56.42,-5.44,-51.35
Professional,2026-01-05,6.25,2.97,9.22,3.29,3.29
Professional,2026-01-06,6.95,5.15,12.09,1.80,5.09
Professional,2026-01-07,12.91,7.54,20.45,5.37,10.46
Professional,2026-01-08,1.82,13.88,15.69,-12.06,-1.60
Professional,2026-01-09,2.23,2.87,5.10,-0.65,-2.25
Professional,2026-01-12,27.77,32.75,60.51,-4.98,-7.23
Professional,2026-01-13,13.85,11.54,25.39,2.31,-4.92
Professional,2026-01-14,17.39,12.08,29.47,5.31,0.39
Professional,2026-01-15,15.57,5.79,21.35,9.78,10.17
Professional,2026-01-16,10.06,7.16,17.21,2.90,13.07
Professional,2026-01-19,16.35,10.94,27.29,5.41,18.48
Professional,2026-01-20,8.76,3.64,12.41,5.12,23.60
Professional,2026-01-21,10.34,4.02,14.36,6.33,29.93
Professional,2026-01-22,7.11,8.09,15.20,-0.97,28.96
Professional,2026-01-23,4.92,8.14,13.06,-3.22,25.74
Professional,2026-01-26,3.93,2.62,6.55,1.31,27.05
Professional,2026-01-27,10.86,5.25,16.10,5.61,32.66
Professional,2026-01-28,5.40,7.60,12.99,-2.20,30.46
Professional,2026-01-29,2.42,0.81,3.23,1.61,32.07
Professional,2026-01-30,8.40,5.83,14.24,2.57,34.64
Professional,2026-02-02,7.45,4.35,11.80,3.10,37.74
Professional,2026-02-03,13.90,2.82,16.72,11.08,48.82
Professional,2026-02-04,6.11,15.40,21.50,-9.29,39.53
Professional,2026-02-05,4.68,4.99,9.67,-0.31,39.22
Professional,2026-02-06,5.85,11.84,17.70,-5.99,33.23
Professional,2026-02-09,16.25,4.56,20.82,11.69,44.92
Professional,2026-02-10,4.75,15.51,20.26,-10.76,34.16
Professional,2026-02-11,10.93,21.02,31.95,-10.09,24.07
Professional,2026-02-12,4.60,5.87,10.47,-1.28,22.79
Professional,2026-02-13,10.09,15.27,25.37,-5.18,17.61
Professional,2026-02-16,7.64,9.12,16.77,-1.48,16.13
Professional,2026-02-17,9.90,6.38,16.28,3.51,19.64
Professional,2026-02-18,15.79,14.54,30.33,1.25,20.89
Professional,2026-02-19,23.69,15.83,39.51,7.86,28.75
Professional,2026-02-20,4.66,39.07,43.73,-34.41,-5.66
Professional,2026-02-23,31.77,30.47,62.24,1.31,-4.35
Professional,2026-02-24,15.80,23.82,39.62,-8.01,-12.36
Professional,2026-02-25,2.67,24.13,26.80,-21.46,-33.82
Professional,2026-02-26,13.23,31.44,44.67,-18.20,-52.02
Professional,2026-02-27,9.96,15.72,25.69,-5.76,-57.78
Professional,2026-03-02,5.74,9.75,15.49,-4.01,-61.79
Professional,2026-03-04,5.71,15.32,21.03,-9.62,-71.41
Professional,2026-03-05,5.76,11.62,17.38,-5.86,-77.27
Professional,2026-03-06,1.18,2.53,3.71,-1.35,-78.62
Professional,2026-03-09,3.34,3.02,6.37,0.32,-78.30
Professional,2026-03-10,2.11,10.35,12.45,-8.24,-86.54
Professional,2026-03-11,1.82,8.13,9.96,-6.31,-92.85
Professional,2026-03-12,5.54,6.96,12.50,-1.42,-94.27
Professional,2026-03-13,1.64,3.33,4.96,-1.69,-95.96
Professional,2026-03-16,3.01,4.63,7.63,-1.62,-97.58
Professional,2026-03-17,4.41,3.38,7.80,1.03,-96.55
Professional,2026-03-18,0.23,0.72,0.95,-0.48,-97.03
Professional,2026-03-19,11.09,4.87,15.96,6.22,-90.81
Professional,2026-03-20,1.08,2.78,3.86,-1.70,-92.51
Professional,2026-03-23,7.52,5.98,13.50,1.54,-90.97
Professional,2026-03-24,2.93,3.25,6.18,-0.32,-91.29
Professional,2026-03-25,3.75,3.73,7.47,0.02,-91.27
Professional,2026-03-26,0.86,1.03,1.89,-0.17,-91.44
Professional,2026-03-27,3.06,1.93,4.99,1.13,-90.31
Professional,2026-03-30,6.64,4.29,10.93,2.35,-87.96
Professional,2026-03-31,3.50,2.98,6.48,0.52,-87.44
Professional,2026-04-01,4.01,6.09,10.10,-2.08,-89.52
Professional,2026-04-02,0.64,1.26,1.90,-0.62,-90.14
Professional,2026-04-03,2.07,1.83,3.90,0.24,-89.90
Professional,2026-04-07,5.67,1.81,7.47,3.86,-86.04
Professional,2026-04-08,7.98,7.21,15.19,0.77,-85.27
Professional,2026-04-09,0.60,3.91,4.51,-3.30,-88.57
Professional,2026-04-10,2.07,1.36,3.43,0.70,-87.87
Professional,2026-04-16,2.20,4.03,6.23,-1.83,-89.70
Professional,2026-04-17,2.66,2.53,5.19,0.13,-89.57
Professional,2026-04-20,2.60,1.05,3.65,1.56,-88.01
Professional,2026-04-21,2.53,1.23,3.76,1.30,-86.71
Insurance,2026-01-05,61.91,120.08,181.99,-58.16,-58.16
Insurance,2026-01-06,40.94,68.15,109.08,-27.20,-85.36
Insurance,2026-01-07,48.42,54.94,103.36,-6.53,-91.89
Insurance,2026-01-08,56.41,46.19,102.60,10.22,-81.67
Insurance,2026-01-09,85.84,65.37,151.22,20.47,-61.20
Insurance,2026-01-12,29.12,90.12,119.24,-61.01,-122.21
Insurance,2026-01-13,116.99,70.86,187.86,46.12,-76.09
Insurance,2026-01-14,49.93,58.08,108.01,-8.15,-84.24
Insurance,2026-01-15,62.49,66.12,128.61,-3.64,-87.88
Insurance,2026-01-16,58.54,89.19,147.74,-30.65,-118.53
Insurance,2026-01-19,40.60,70.27,110.87,-29.67,-148.20
Insurance,2026-01-20,54.67,85.96,140.64,-31.29,-179.49
Insurance,2026-01-21,102.78,126.87,229.64,-24.09,-203.58
Insurance,2026-01-22,122.64,143.43,266.08,-20.79,-224.37
Insurance,2026-01-23,77.49,56.70,134.19,20.79,-203.58
Insurance,2026-01-26,141.66,80.59,222.24,61.07,-142.51
Insurance,2026-01-27,95.42,69.08,164.51,26.34,-116.17
Insurance,2026-01-28,98.29,89.05,187.35,9.25,-106.92
Insurance,2026-01-29,49.05,56.14,105.18,-7.10,-114.02
Insurance,2026-01-30,91.90,47.83,139.73,44.08,-69.94
Insurance,2026-02-02,43.71,78.13,121.84,-34.41,-104.35
Insurance,2026-02-03,80.85,75.14,155.99,5.70,-98.65
Insurance,2026-02-04,163.87,41.17,205.04,122.70,24.05
Insurance,2026-02-05,53.02,45.54,98.56,7.48,31.53
Insurance,2026-02-06,52.90,39.98,92.88,12.92,44.45
Insurance,2026-02-09,172.31,34.45,206.76,137.86,182.31
Insurance,2026-02-10,116.82,46.73,163.54,70.09,252.40
Insurance,2026-02-11,66.01,38.70,104.71,27.31,279.71
Insurance,2026-02-12,131.76,83.34,215.11,48.41,328.12
Insurance,2026-02-13,54.12,36.37,90.49,17.75,345.87
Insurance,2026-02-16,31.44,45.03,76.47,-13.58,332.29
Insurance,2026-02-17,78.20,49.12,127.33,29.07,361.36
Insurance,2026-02-18,52.98,49.69,102.66,3.29,364.65
Insurance,2026-02-19,80.07,67.61,147.67,12.46,377.11
Insurance,2026-02-20,75.43,56.41,131.84,19.02,396.13
Insurance,2026-02-23,86.67,96.40,183.06,-9.73,386.40
Insurance,2026-02-24,62.41,45.18,107.59,17.23,403.63
Insurance,2026-02-25,62.82,74.40,137.22,-11.57,392.06
Insurance,2026-02-26,65.01,43.35,108.37,21.66,413.72
Insurance,2026-02-27,58.11,123.70,181.81,-65.59,348.13
Insurance,2026-03-02,68.18,62.89,131.07,5.29,353.42
Insurance,2026-03-04,110.20,136.17,246.37,-25.98,327.44
Insurance,2026-03-05,86.91,206.66,293.58,-119.75,207.69
Insurance,2026-03-06,20.88,69.54,90.43,-48.66,159.03
Insurance,2026-03-09,72.77,129.23,202.01,-56.46,102.57
Insurance,2026-03-10,47.25,100.49,147.74,-53.24,49.33
Insurance,2026-03-11,55.81,91.89,147.72,-36.08,13.25
Insurance,2026-03-12,46.03,82.69,128.73,-36.66,-23.41
Insurance,2026-03-13,19.68,73.99,93.66,-54.31,-77.72
Insurance,2026-03-16,22.77,39.72,62.48,-16.95,-94.67
Insurance,2026-03-17,43.54,83.86,127.40,-40.33,-135.00
Insurance,2026-03-18,15.17,40.51,55.68,-25.35,-160.35
Insurance,2026-03-19,28.30,72.05,100.35,-43.76,-204.11
Insurance,2026-03-20,73.53,77.11,150.63,-3.58,-207.69
Insurance,2026-03-23,21.19,72.86,94.06,-51.67,-259.36
Insurance,2026-03-24,29.52,26.30,55.82,3.22,-256.14
Insurance,2026-03-25,40.59,31.05,71.64,9.54,-246.60
Insurance,2026-03-26,24.85,24.52,49.36,0.33,-246.27
Insurance,2026-03-27,101.82,51.13,152.95,50.69,-195.58
Insurance,2026-03-30,46.88,56.82,103.69,-9.95,-205.53
Insurance,2026-03-31,94.66,55.75,150.40,38.91,-166.62
Insurance,2026-04-01,85.62,70.26,155.87,15.35,-151.27
Insurance,2026-04-02,49.35,55.92,105.27,-6.58,-157.85
Insurance,2026-04-03,54.68,47.88,102.56,6.81,-151.04
Insurance,2026-04-07,81.68,46.91,128.58,34.77,-116.27
Insurance,2026-04-08,76.11,38.87,114.98,37.24,-79.03
Insurance,2026-04-09,29.21,63.00,92.20,-33.80,-112.83
Insurance,2026-04-10,16.37,13.38,29.75,3.00,-109.83
Insurance,2026-04-16,19.90,21.52,41.41,-1.62,-111.45
Insurance,2026-04-17,24.80,55.22,80.03,-30.42,-141.87
Insurance,2026-04-20,17.82,21.32,39.14,-3.49,-145.36
Insurance,2026-04-21,33.08,11.34,44.41,21.73,-123.63
Tourism,2026-01-05,189.07,139.00,328.07,50.08,50.08
Tourism,2026-01-06,122.73,78.07,200.79,44.66,94.74
Tourism,2026-01-07,251.45,120.23,371.70,131.22,225.96
Tourism,2026-01-08,185.93,103.20,289.13,82.73,308.69
Tourism,2026-01-09,92.47,66.86,159.32,25.60,334.29
Tourism,2026-01-12,204.83,146.57,351.40,58.27,392.56
Tourism,2026-01-13,231.78,138.58,370.37,93.19,485.75
Tourism,2026-01-14,342.29,113.22,455.51,229.07,714.82
Tourism,2026-01-15,569.74,167.28,737.02,402.46,1117.28
Tourism,2026-01-16,349.73,202.65,552.39,147.08,1264.36
Tourism,2026-01-19,187.59,180.52,368.12,7.08,1271.44
Tourism,2026-01-20,287.24,250.00,537.23,37.26,1308.70
Tourism,2026-01-21,217.68,280.45,498.14,-62.77,1245.93
Tourism,2026-01-22,225.14,278.58,503.70,-53.45,1192.48
Tourism,2026-01-23,199.85,200.25,400.10,-0.40,1192.08
Tourism,2026-01-26,191.10,151.94,343.04,39.16,1231.24
Tourism,2026-01-27,346.19,215.25,561.44,130.93,1362.17
Tourism,2026-01-28,151.57,158.14,309.71,-6.58,1355.59
Tourism,2026-01-29,111.38,139.32,250.69,-27.94,1327.65
Tourism,2026-01-30,163.72,162.60,326.32,1.12,1328.77
Tourism,2026-02-02,334.79,201.66,536.45,133.12,1461.89
Tourism,2026-02-03,634.93,291.12,926.05,343.81,1805.70
Tourism,2026-02-04,195.24,89.38,284.62,105.85,1911.55
Tourism,2026-02-05,325.22,172.45,497.66,152.78,2064.33
Tourism,2026-02-06,241.91,225.02,466.93,16.89,2081.22
Tourism,2026-02-09,338.66,325.65,664.31,13.01,2094.23
Tourism,2026-02-10,208.75,189.82,398.56,18.94,2113.17
Tourism,2026-02-11,249.61,284.11,533.73,-34.50,2078.67
Tourism,2026-02-12,350.76,329.47,680.22,21.29,2099.96
Tourism,2026-02-13,201.94,244.27,446.22,-42.33,2057.63
Tourism,2026-02-16,230.05,282.70,512.75,-52.67,2004.96
Tourism,2026-02-17,129.79,189.61,319.40,-59.82,1945.14
Tourism,2026-02-18,192.81,152.61,345.41,40.20,1985.34
Tourism,2026-02-19,144.54,150.37,294.91,-5.83,1979.51
Tourism,2026-02-20,308.89,189.82,498.71,119.06,2098.57
Tourism,2026-02-23,272.42,219.04,491.45,53.38,2151.95
Tourism,2026-02-24,269.16,209.52,478.68,59.64,2211.59
Tourism,2026-02-25,501.78,298.56,800.35,203.22,2414.81
Tourism,2026-02-26,197.85,193.69,391.54,4.16,2418.97
Tourism,2026-02-27,301.01,342.87,643.89,-41.86,2377.11
Tourism,2026-03-02,657.55,761.82,1419.37,-104.29,2272.82
Tourism,2026-03-04,956.24,967.89,1924.14,-11.65,2261.17
Tourism,2026-03-05,398.34,788.08,1186.44,-389.73,1871.44
Tourism,2026-03-06,266.49,340.22,606.71,-73.73,1797.71
Tourism,2026-03-09,485.61,414.90,900.50,70.71,1868.42
Tourism,2026-03-10,269.44,563.29,832.74,-293.84,1574.58
Tourism,2026-03-11,217.96,479.32,697.28,-261.35,1313.23
Tourism,2026-03-12,288.28,601.51,889.80,-313.23,1000.00
Tourism,2026-03-13,316.99,359.65,676.64,-42.67,957.33
Tourism,2026-03-16,330.47,492.75,823.22,-162.26,795.07
Tourism,2026-03-17,151.75,532.40,684.15,-380.65,414.42
Tourism,2026-03-18,103.33,254.71,358.03,-151.38,263.04
Tourism,2026-03-19,208.97,323.98,532.95,-115.00,148.04
Tourism,2026-03-20,244.93,439.16,684.09,-194.22,-46.18
Tourism,2026-03-23,231.82,321.63,553.44,-89.83,-136.01
Tourism,2026-03-24,248.23,296.13,544.36,-47.89,-183.90
Tourism,2026-03-25,209.34,301.77,511.12,-92.42,-276.32
Tourism,2026-03-26,127.82,264.27,392.09,-136.44,-412.76
Tourism,2026-03-27,223.44,291.15,514.59,-67.69,-480.45
Tourism,2026-03-30,218.87,225.23,444.11,-6.36,-486.81
Tourism,2026-03-31,308.75,396.53,705.26,-87.78,-574.59
Tourism,2026-04-01,307.46,259.29,566.75,48.17,-526.42
Tourism,2026-04-02,270.38,235.45,505.84,34.93,-491.49
Tourism,2026-04-03,132.17,186.44,318.61,-54.28,-545.77
Tourism,2026-04-07,277.56,128.92,406.47,148.64,-397.13
Tourism,2026-04-08,437.81,267.82,705.64,170.00,-227.13
Tourism,2026-04-09,156.89,324.35,481.23,-167.46,-394.59
Tourism,2026-04-10,81.50,82.81,164.32,-1.31,-395.90
Tourism,2026-04-16,421.66,267.85,689.51,153.82,-242.08
Tourism,2026-04-17,161.81,172.97,334.78,-11.15,-253.23
Tourism,2026-04-20,205.52,186.51,392.03,19.01,-234.22
Tourism,2026-04-21,203.93,327.48,531.41,-123.55,-357.77
Trans,2026-01-05,897.68,672.67,1570.37,225.00,225.00
Trans,2026-01-06,988.86,1596.27,2585.11,-607.41,-382.41
Trans,2026-01-07,745.44,537.22,1282.65,208.22,-174.19
Trans,2026-01-08,696.48,574.91,1271.38,121.56,-52.63
Trans,2026-01-09,544.91,485.14,1030.06,59.76,7.13
Trans,2026-01-12,293.62,438.34,731.97,-144.71,-137.58
Trans,2026-01-13,435.84,369.57,805.40,66.27,-71.31
Trans,2026-01-14,525.92,414.32,940.26,111.60,40.29
Trans,2026-01-15,538.24,550.71,1088.95,-12.46,27.83
Trans,2026-01-16,532.37,714.28,1246.63,-181.91,-154.08
Trans,2026-01-19,430.74,570.80,1001.58,-140.05,-294.13
Trans,2026-01-20,789.47,660.74,1450.21,128.75,-165.38
Trans,2026-01-21,565.68,665.73,1231.40,-100.06,-265.44
Trans,2026-01-22,731.67,818.95,1550.64,-87.26,-352.70
Trans,2026-01-23,457.84,368.31,826.12,89.53,-263.17
Trans,2026-01-26,613.68,435.58,1049.26,178.08,-85.09
Trans,2026-01-27,938.66,573.83,1512.51,364.81,279.72
Trans,2026-01-28,555.07,481.72,1036.78,73.35,353.07
Trans,2026-01-29,385.42,431.77,817.21,-46.36,306.71
Trans,2026-01-30,455.56,763.36,1218.92,-307.79,-1.08
Trans,2026-02-02,623.83,415.91,1039.74,207.94,206.86
Trans,2026-02-03,1104.97,797.73,1902.69,307.20,514.06
Trans,2026-02-04,317.00,424.95,741.96,-107.94,406.12
Trans,2026-02-05,598.15,670.05,1268.19,-71.93,334.19
Trans,2026-02-06,919.41,547.36,1466.78,372.06,706.25
Trans,2026-02-09,3520.93,1939.19,5460.13,1581.72,2287.97
Trans,2026-02-10,1473.28,1428.03,2901.33,45.25,2333.22
Trans,2026-02-11,745.07,627.99,1373.03,117.08,2450.30
Trans,2026-02-12,967.96,925.10,1893.05,42.86,2493.16
Trans,2026-02-13,1006.73,1112.02,2118.73,-105.29,2387.87
Trans,2026-02-16,831.45,965.56,1797.01,-134.12,2253.75
Trans,2026-02-17,826.01,981.54,1807.54,-155.52,2098.23
Trans,2026-02-18,627.93,597.22,1225.16,30.71,2128.94
Trans,2026-02-19,879.71,1194.89,2074.60,-315.20,1813.74
Trans,2026-02-20,608.87,702.85,1311.70,-93.99,1719.75
Trans,2026-02-23,1754.36,1605.18,3359.50,149.18,1868.93
Trans,2026-02-24,2060.02,1474.20,3534.23,585.81,2454.74
Trans,2026-02-25,1192.56,1300.75,2493.29,-108.21,2346.53
Trans,2026-02-26,1000.45,946.58,1947.03,53.87,2400.40
Trans,2026-02-27,1294.04,1492.70,2786.75,-198.66,2201.74
Trans,2026-03-02,1300.87,1453.36,2754.22,-152.50,2049.24
Trans,2026-03-04,2694.60,2619.29,5313.90,75.31,2124.55
Trans,2026-03-05,1364.26,2205.17,3569.42,-840.90,1283.65
Trans,2026-03-06,455.54,1387.53,1843.06,-931.99,351.66
Trans,2026-03-09,1440.21,1429.30,2869.51,10.90,362.56
Trans,2026-03-10,454.90,1103.93,1558.81,-649.03,-286.47
Trans,2026-03-11,1062.35,1595.48,2657.83,-533.13,-819.60
Trans,2026-03-12,629.19,1099.04,1728.21,-469.84,-1289.44
Trans,2026-03-13,450.29,942.72,1392.99,-492.40,-1781.84
Trans,2026-03-16,796.45,809.93,1606.40,-13.47,-1795.31
Trans,2026-03-17,813.89,737.48,1551.37,76.42,-1718.89
Trans,2026-03-18,660.20,576.92,1237.12,83.28,-1635.61
Trans,2026-03-19,540.63,1001.58,1542.21,-460.96,-2096.57
Trans,2026-03-20,878.61,814.92,1693.53,63.68,-2032.89
Trans,2026-03-23,559.43,1029.25,1588.69,-469.84,-2502.73
Trans,2026-03-24,877.63,745.40,1623.01,132.24,-2370.49
Trans,2026-03-25,1046.94,718.52,1765.45,328.43,-2042.06
Trans,2026-03-26,490.83,687.77,1178.62,-196.94,-2239.00
Trans,2026-03-27,1034.96,953.52,1988.49,81.44,-2157.56
Trans,2026-03-30,672.52,844.03,1516.54,-171.52,-2329.08
Trans,2026-03-31,833.24,582.10,1415.35,251.13,-2077.95
Trans,2026-04-01,966.18,781.27,1747.44,184.91,-1893.04
Trans,2026-04-02,525.18,471.02,996.21,54.15,-1838.89
Trans,2026-04-03,499.03,639.74,1138.76,-140.69,-1979.58
Trans,2026-04-07,572.04,532.66,1104.69,39.39,-1940.19
Trans,2026-04-08,867.36,630.57,1497.92,236.80,-1703.39
Trans,2026-04-09,592.75,588.06,1180.81,4.69,-1698.70
Trans,2026-04-10,483.54,352.22,835.75,131.32,-1567.38
Trans,2026-04-16,1124.89,724.87,1849.75,400.02,-1167.36
Trans,2026-04-17,431.51,405.50,837.01,26.02,-1141.34
Trans,2026-04-20,342.89,315.04,657.95,27.83,-1113.51
Trans,2026-04-21,239.26,293.53,532.80,-54.27,-1167.78
Banking,2026-01-05,3161.42,2747.12,5908.52,414.29,414.29
Banking,2026-01-06,1834.14,2682.05,4516.20,-847.90,-433.61
Banking,2026-01-07,1597.79,2631.83,4229.61,-1034.04,-1467.65
Banking,2026-01-08,3093.06,2090.52,5183.60,1002.56,-465.09
Banking,2026-01-09,1844.04,2531.94,4375.97,-687.90,-1152.99
Banking,2026-01-12,1514.93,1303.89,2818.82,211.03,-941.96
Banking,2026-01-13,1445.49,1935.43,3380.95,-489.95,-1431.91
Banking,2026-01-14,2210.39,2557.48,4767.87,-347.09,-1779.00
Banking,2026-01-15,2099.55,1409.81,3509.37,689.72,-1089.28
Banking,2026-01-16,3235.41,1989.02,5224.43,1246.37,157.09
Banking,2026-01-19,1175.73,1893.14,3068.87,-717.39,-560.30
Banking,2026-01-20,2768.29,1616.17,4384.43,1152.12,591.82
Banking,2026-01-21,3358.35,6000.18,9358.52,-2641.83,-2050.01
Banking,2026-01-22,4329.01,4371.50,8700.50,-42.47,-2092.48
Banking,2026-01-23,1923.08,2840.40,4763.49,-917.31,-3009.79
Banking,2026-01-26,2531.19,2648.87,5180.07,-117.69,-3127.48
Banking,2026-01-27,4285.79,3303.16,7588.94,982.61,-2144.87
Banking,2026-01-28,1610.61,2496.87,4107.49,-886.27,-3031.14
Banking,2026-01-29,2435.44,3579.80,6015.23,-1144.38,-4175.52
Banking,2026-01-30,2890.45,3409.54,6300.01,-519.08,-4694.60
Banking,2026-02-02,1482.54,2008.48,3491.02,-525.95,-5220.55
Banking,2026-02-03,2508.85,2828.78,5337.63,-319.93,-5540.48
Banking,2026-02-04,3481.63,2899.82,6381.45,581.81,-4958.67
Banking,2026-02-05,2179.36,1860.03,4039.39,319.32,-4639.35
Banking,2026-02-06,1906.41,3092.94,4999.34,-1186.53,-5825.88
Banking,2026-02-09,6657.10,3240.71,9897.83,3416.42,-2409.46
Banking,2026-02-10,3487.58,3494.92,6982.50,-7.35,-2416.81
Banking,2026-02-11,1712.06,2091.39,3803.45,-379.33,-2796.14
Banking,2026-02-12,4964.95,3769.95,8734.87,1194.98,-1601.16
Banking,2026-02-13,2877.75,3621.69,6499.42,-743.92,-2345.08
Banking,2026-02-16,3895.04,2422.93,6317.98,1472.10,-872.98
Banking,2026-02-17,5316.83,3435.05,8751.87,1881.79,1008.81
Banking,2026-02-18,4018.99,3009.78,7028.79,1009.22,2018.03
Banking,2026-02-19,4352.70,4820.66,9173.34,-467.98,1550.05
Banking,2026-02-20,8964.79,6002.24,14967.04,2962.56,4512.61
Banking,2026-02-23,5411.89,4924.03,10335.91,487.84,5000.45
Banking,2026-02-24,4313.26,4726.22,9039.48,-412.97,4587.48
Banking,2026-02-25,5527.15,7911.67,13438.81,-2384.53,2202.95
Banking,2026-02-26,5532.22,4340.46,9872.66,1191.75,3394.70
Banking,2026-02-27,8084.34,5789.48,13873.79,2294.88,5689.58
Banking,2026-03-02,4767.82,4543.11,9310.90,224.73,5914.31
Banking,2026-03-04,8601.86,9683.10,18284.95,-1081.25,4833.06
Banking,2026-03-05,7117.84,6887.04,14004.90,230.79,5063.85
Banking,2026-03-06,2432.16,4569.68,7001.85,-2137.52,2926.33
Banking,2026-03-09,5003.39,6536.09,11539.49,-1532.70,1393.63
Banking,2026-03-10,3620.07,4365.46,7985.51,-745.41,648.22
Banking,2026-03-11,3481.53,4101.35,7582.88,-619.79,28.43
Banking,2026-03-12,2298.79,3386.31,5685.10,-1087.52,-1059.09
Banking,2026-03-13,3466.30,3585.14,7051.44,-118.83,-1177.92
Banking,2026-03-16,2249.55,4110.86,6360.39,-1861.30,-3039.22
Banking,2026-03-17,2406.63,2443.95,4850.59,-37.33,-3076.55
Banking,2026-03-18,2523.16,2287.81,4810.96,235.36,-2841.19
Banking,2026-03-19,3086.97,3125.67,6212.64,-38.72,-2879.91
Banking,2026-03-20,3719.20,3791.20,7510.42,-71.99,-2951.90
Banking,2026-03-23,1904.18,3837.36,5741.54,-1933.15,-4885.05
Banking,2026-03-24,6208.62,4192.36,10400.99,2016.24,-2868.81
Banking,2026-03-25,3352.45,3054.46,6406.91,298.00,-2570.81
Banking,2026-03-26,5020.06,3419.04,8439.10,1601.03,-969.78
Banking,2026-03-27,3322.16,3432.70,6754.85,-110.52,-1080.30
Banking,2026-03-30,2330.15,2905.29,5235.43,-575.15,-1655.45
Banking,2026-03-31,3563.23,3787.82,7351.06,-224.59,-1880.04
Banking,2026-04-01,3829.28,2666.63,6495.89,1162.66,-717.38
Banking,2026-04-02,2837.15,2030.31,4867.47,806.83,89.45
Banking,2026-04-03,1780.79,2483.97,4264.76,-703.18,-613.73
Banking,2026-04-07,1840.71,2366.28,4206.98,-525.58,-1139.31
Banking,2026-04-08,2779.37,2375.47,5154.84,403.92,-735.39
Banking,2026-04-09,2449.61,3915.78,6365.40,-1466.16,-2201.55
Banking,2026-04-10,2629.17,3057.24,5686.41,-428.08,-2629.63
Banking,2026-04-16,5509.11,6598.33,12107.45,-1089.21,-3718.84
Banking,2026-04-17,3889.79,4649.83,8539.61,-760.03,-4478.87
Banking,2026-04-20,4006.87,4284.23,8291.09,-277.37,-4756.24
Banking,2026-04-21,8087.46,5784.24,13871.70,2303.23,-2453.01
Finance,2026-01-05,471.50,500.69,972.19,-29.21,-29.21
Finance,2026-01-06,427.88,361.36,789.22,66.53,37.32
Finance,2026-01-07,347.81,304.84,652.66,42.97,80.29
Finance,2026-01-08,258.37,502.23,760.59,-243.86,-163.57
Finance,2026-01-09,410.83,354.45,765.28,56.38,-107.19
Finance,2026-01-12,293.75,273.39,567.14,20.35,-86.84
Finance,2026-01-13,859.15,449.00,1308.13,410.15,323.31
Finance,2026-01-14,638.01,448.77,1086.81,189.24,512.55
Finance,2026-01-15,845.04,643.45,1488.50,201.59,714.14
Finance,2026-01-16,496.94,579.98,1076.92,-83.06,631.08
Finance,2026-01-19,494.80,524.80,1019.61,-30.00,601.08
Finance,2026-01-20,501.81,618.22,1120.04,-116.40,484.68
Finance,2026-01-21,462.71,504.56,967.28,-41.86,442.82
Finance,2026-01-22,459.21,504.83,964.03,-45.60,397.22
Finance,2026-01-23,444.57,324.45,769.02,120.12,517.34
Finance,2026-01-26,539.72,359.39,899.11,180.32,697.66
Finance,2026-01-27,525.12,322.46,847.57,202.68,900.34
Finance,2026-01-28,176.22,286.47,462.70,-110.25,790.09
Finance,2026-01-29,359.74,298.79,658.53,60.92,851.01
Finance,2026-01-30,817.67,521.10,1338.79,296.57,1147.58
Finance,2026-02-02,555.89,404.72,960.63,151.18,1298.76
Finance,2026-02-03,564.90,382.12,947.02,182.77,1481.53
Finance,2026-02-04,201.81,386.25,588.06,-184.44,1297.09
Finance,2026-02-05,472.57,359.70,832.26,112.86,1409.95
Finance,2026-02-06,202.90,477.50,680.40,-274.58,1135.37
Finance,2026-02-09,1233.15,743.50,1976.63,489.65,1625.02
Finance,2026-02-10,459.89,700.16,1160.05,-240.29,1384.73
Finance,2026-02-11,427.31,588.48,1015.78,-161.18,1223.55
Finance,2026-02-12,675.23,460.84,1136.06,214.40,1437.95
Finance,2026-02-13,376.20,502.20,878.43,-125.99,1311.96
Finance,2026-02-16,815.10,537.83,1352.92,277.29,1589.25
Finance,2026-02-17,1140.69,789.82,1930.49,350.88,1940.13
Finance,2026-02-18,756.34,776.56,1532.89,-20.20,1919.93
Finance,2026-02-19,720.49,1090.94,1811.42,-370.41,1549.52
Finance,2026-02-20,654.83,811.36,1466.19,-156.53,1392.99
Finance,2026-02-23,787.07,935.78,1722.85,-148.68,1244.31
Finance,2026-02-24,763.28,629.34,1392.67,133.94,1378.25
Finance,2026-02-25,995.25,1182.52,2177.75,-187.27,1190.98
Finance,2026-02-26,531.22,619.14,1150.36,-87.91,1103.07
Finance,2026-02-27,711.57,684.09,1395.66,27.49,1130.56
Finance,2026-03-02,791.75,703.80,1495.56,87.95,1218.51
Finance,2026-03-04,1256.47,1566.28,2822.75,-309.82,908.69
Finance,2026-03-05,678.08,1265.92,1944.02,-587.84,320.85
Finance,2026-03-06,540.43,650.75,1191.18,-110.31,210.54
Finance,2026-03-09,1163.20,1015.24,2178.43,147.93,358.47
Finance,2026-03-10,654.67,999.90,1654.57,-345.19,13.28
Finance,2026-03-11,563.37,699.91,1263.27,-136.54,-123.26
Finance,2026-03-12,542.57,859.11,1401.69,-316.56,-439.82
Finance,2026-03-13,332.92,618.66,951.56,-285.72,-725.54
Finance,2026-03-16,340.16,461.08,801.24,-120.93,-846.47
Finance,2026-03-17,381.15,555.26,936.39,-174.11,-1020.58
Finance,2026-03-18,433.66,571.16,1004.83,-137.50,-1158.08
Finance,2026-03-19,512.11,625.43,1137.53,-113.31,-1271.39
Finance,2026-03-20,523.81,750.98,1274.79,-227.18,-1498.57
Finance,2026-03-23,549.32,601.60,1150.92,-52.29,-1550.86
Finance,2026-03-24,487.69,528.61,1016.32,-40.93,-1591.79
Finance,2026-03-25,503.69,908.84,1412.53,-405.15,-1996.94
Finance,2026-03-26,394.58,761.17,1155.75,-366.58,-2363.52
Finance,2026-03-27,541.26,569.13,1110.39,-27.87,-2391.39
Finance,2026-03-30,613.89,430.06,1043.93,183.82,-2207.57
Finance,2026-03-31,623.62,751.96,1375.58,-128.35,-2335.92
Finance,2026-04-01,750.04,771.16,1521.20,-21.12,-2357.04
Finance,2026-04-02,331.63,540.41,872.06,-208.78,-2565.82
Finance,2026-04-03,245.15,317.73,562.88,-72.58,-2638.40
Finance,2026-04-07,382.07,252.71,634.81,129.36,-2509.04
Finance,2026-04-08,786.79,496.21,1283.00,290.57,-2218.47
Finance,2026-04-09,174.29,562.19,736.48,-387.90,-2606.37
Finance,2026-04-10,173.24,219.55,392.80,-46.30,-2652.67
Finance,2026-04-16,425.09,459.52,884.60,-34.44,-2687.11
Finance,2026-04-17,194.04,370.10,564.14,-176.07,-2863.18
Finance,2026-04-20,709.86,513.80,1223.65,196.06,-2667.12
Finance,2026-04-21,396.28,518.75,915.03,-122.49,-2789.61
ICT,2026-01-05,2401.60,1910.04,4311.64,491.58,491.58
ICT,2026-01-06,860.24,1362.49,2222.74,-502.27,-10.69
ICT,2026-01-07,733.72,905.30,1639.03,-171.60,-182.29
ICT,2026-01-08,785.58,720.74,1506.33,64.84,-117.45
ICT,2026-01-09,426.57,617.42,1044.00,-190.84,-308.29
ICT,2026-01-12,1597.97,1648.27,3246.25,-50.29,-358.58
ICT,2026-01-13,1438.87,1309.71,2748.58,129.17,-229.41
ICT,2026-01-14,1667.70,1981.42,3649.11,-313.73,-543.14
ICT,2026-01-15,1776.95,1803.61,3580.57,-26.65,-569.79
ICT,2026-01-16,1907.89,2022.76,3930.65,-114.88,-684.67
ICT,2026-01-19,1289.90,1188.07,2477.97,101.85,-582.82
ICT,2026-01-20,2194.79,2018.34,4213.12,176.45,-406.37
ICT,2026-01-21,1847.62,2308.49,4156.10,-460.86,-867.23
ICT,2026-01-22,4579.03,7547.38,12126.42,-2968.34,-3835.57
ICT,2026-01-23,3620.12,4224.51,7844.63,-604.38,-4439.95
ICT,2026-01-26,1427.50,2278.31,3705.82,-850.83,-5290.78
ICT,2026-01-27,2412.05,1845.84,4257.89,566.21,-4724.57
ICT,2026-01-28,1983.80,1672.73,3656.53,311.07,-4413.50
ICT,2026-01-29,4240.22,3369.44,7609.66,870.77,-3542.73
ICT,2026-01-30,2884.66,2608.32,5492.98,276.34,-3266.39
ICT,2026-02-02,1954.40,1579.72,3534.09,374.67,-2891.72
ICT,2026-02-03,3224.21,2999.26,6223.45,224.96,-2666.76
ICT,2026-02-04,3615.46,2361.47,5976.94,1254.01,-1412.75
ICT,2026-02-05,4115.89,3445.43,7561.34,670.46,-742.29
ICT,2026-02-06,2121.51,1881.04,4002.54,240.46,-501.83
ICT,2026-02-09,3240.17,2407.99,5648.15,832.18,330.35
ICT,2026-02-10,3031.31,3323.15,6354.45,-291.84,38.51
ICT,2026-02-11,2785.82,2549.43,5335.26,236.40,274.91
ICT,2026-02-12,2913.61,2798.61,5712.22,115.01,389.92
ICT,2026-02-13,2176.18,2301.88,4478.06,-125.71,264.21
ICT,2026-02-16,1237.53,1474.20,2711.73,-236.67,27.54
ICT,2026-02-17,1722.03,1785.72,3507.76,-63.68,-36.14
ICT,2026-02-18,2985.68,2790.54,5776.24,195.13,158.99
ICT,2026-02-19,1345.42,1741.60,3087.00,-396.18,-237.19
ICT,2026-02-20,4586.11,4509.39,9095.50,76.72,-160.47
ICT,2026-02-23,3558.09,2280.29,5838.38,1277.81,1117.34
ICT,2026-02-24,3383.72,2502.76,5886.49,880.98,1998.32
ICT,2026-02-25,3859.25,3724.44,7583.73,134.80,2133.12
ICT,2026-02-26,3440.21,2751.10,6191.31,689.11,2822.23
ICT,2026-02-27,4421.21,3718.94,8140.15,702.27,3524.50
ICT,2026-03-02,4959.76,3923.55,8883.31,1036.20,4560.70
ICT,2026-03-04,6477.83,4863.68,11341.51,1614.15,6174.85
ICT,2026-03-05,3429.98,4306.23,7736.22,-876.27,5298.58
ICT,2026-03-06,1443.20,2124.47,3567.70,-681.27,4617.31
ICT,2026-03-09,3484.89,3301.00,6785.90,183.88,4801.19
ICT,2026-03-10,1810.28,2722.88,4533.14,-912.59,3888.60
ICT,2026-03-11,2170.46,2667.26,4837.73,-496.80,3391.80
ICT,2026-03-12,2137.59,1916.31,4053.89,221.29,3613.09
ICT,2026-03-13,1898.07,2469.35,4367.43,-571.30,3041.79
ICT,2026-03-16,1872.96,1559.61,3432.59,313.33,3355.12
ICT,2026-03-17,3038.48,3320.54,6359.01,-282.05,3073.07
ICT,2026-03-18,1527.77,2082.54,3610.32,-554.76,2518.31
ICT,2026-03-19,2071.56,2493.26,4564.84,-421.69,2096.62
ICT,2026-03-20,2310.86,4725.32,7036.17,-2414.46,-317.84
ICT,2026-03-23,1908.11,2641.73,4549.84,-733.63,-1051.47
ICT,2026-03-24,2119.86,2862.47,4982.33,-742.61,-1794.08
ICT,2026-03-25,1623.69,1862.46,3486.16,-238.79,-2032.87
ICT,2026-03-26,1188.36,1691.13,2879.51,-502.77,-2535.64
ICT,2026-03-27,2121.48,2652.31,4773.79,-530.84,-3066.48
ICT,2026-03-30,2261.62,1798.78,4060.39,462.84,-2603.64
ICT,2026-03-31,2875.81,2301.54,5177.34,574.28,-2029.36
ICT,2026-04-01,3182.00,4270.79,7452.79,-1088.80,-3118.16
ICT,2026-04-02,1994.53,1889.34,3883.87,105.19,-3012.97
ICT,2026-04-03,1146.80,892.07,2038.87,254.71,-2758.26
ICT,2026-04-07,1497.41,1532.70,3030.12,-35.31,-2793.57
ICT,2026-04-08,1972.98,1933.12,3906.11,39.84,-2753.73
ICT,2026-04-09,2739.67,2034.02,4773.69,705.64,-2048.09
ICT,2026-04-10,773.80,921.28,1695.07,-147.48,-2195.57
ICT,2026-04-16,2153.11,2501.68,4654.77,-348.57,-2544.14
ICT,2026-04-17,1577.39,2998.24,4575.63,-1420.85,-3964.99
ICT,2026-04-20,1257.13,923.91,2181.03,333.23,-3631.76
ICT,2026-04-21,1115.87,1246.63,2362.48,-130.75,-3762.51
