date,buy_mb,sell_mb,buy_sell_mb,net_mb,nvdr_pct,symbol,sector,cumulative_net_mb
2020-01-02,0.0,0.0,0.0,-0.0,1.92,JTS,ICT,-0.0
2020-01-03,0.0,0.0,0.0,0.0,50.0,JTS,ICT,0.0
2020-01-07,0.0,0.0,0.0,0.0,1.84,JTS,ICT,0.0
2020-01-08,0.0,0.0,0.0,0.0,10.26,JTS,ICT,0.0
2020-01-09,0.0,0.01,0.01,-0.01,50.01,JTS,ICT,-0.01
2020-01-10,0.0,0.0,0.0,0.0,0.97,JTS,ICT,-0.01
2020-01-13,0.0,0.0,0.0,-0.0,50.0,JTS,ICT,-0.01
2020-01-14,0.0,0.0,0.0,-0.0,1.13,JTS,ICT,-0.01
2020-01-16,0.0,0.0,0.0,0.0,0.61,JTS,ICT,-0.01
2020-01-17,0.0,0.0,0.0,0.0,9.45,JTS,ICT,-0.01
2020-01-20,0.0,0.0,0.0,0.0,5.0,JTS,ICT,-0.01
2020-01-21,0.0,0.0,0.0,0.0,14.51,JTS,ICT,-0.01
2020-01-22,0.0,0.0,0.0,-0.0,37.47,JTS,ICT,-0.01
2020-01-23,0.0,0.0,0.0,0.0,33.33,JTS,ICT,-0.01
2020-01-24,0.0,0.0,0.0,-0.0,6.18,JTS,ICT,-0.01
2020-01-27,0.0,0.0,0.0,0.0,13.6,JTS,ICT,-0.01
2020-01-28,0.0,0.0,0.0,0.0,23.28,JTS,ICT,-0.01
2020-01-29,0.0,0.0,0.0,0.0,90.0,JTS,ICT,-0.01
2020-01-30,0.0,0.0,0.0,-0.0,31.82,JTS,ICT,-0.01
2020-01-31,0.0,0.0,0.0,-0.0,0.7,JTS,ICT,-0.01
2020-02-03,0.0,0.0,0.0,-0.0,3.02,JTS,ICT,-0.01
2020-02-04,0.0,0.0,0.0,0.0,11.47,JTS,ICT,-0.01
2020-02-05,0.0,0.0,0.0,-0.0,7.14,JTS,ICT,-0.01
2020-02-06,0.0,0.0,0.0,-0.0,16.61,JTS,ICT,-0.01
2020-02-19,0.0,0.0,0.0,0.0,0.91,JTS,ICT,-0.01
2020-02-20,0.0,0.0,0.0,0.0,16.67,JTS,ICT,-0.01
2020-02-21,0.0,0.0,0.0,-0.0,27.74,JTS,ICT,-0.01
2020-02-24,0.0,0.0,0.0,0.0,0.47,JTS,ICT,-0.01
2020-02-25,0.0,0.0,0.0,0.0,1.4,JTS,ICT,-0.01
2020-02-26,0.0,0.0,0.0,0.0,2.81,JTS,ICT,-0.01
2020-02-27,0.0,0.0,0.0,-0.0,5.91,JTS,ICT,-0.01
2020-02-28,0.0,0.0,0.0,-0.0,2.8,JTS,ICT,-0.01
2020-03-02,0.0,0.0,0.0,0.0,2.26,JTS,ICT,-0.01
2020-03-03,0.0,0.0,0.0,0.0,0.99,JTS,ICT,-0.01
2020-03-04,0.0,0.0,0.0,0.0,42.09,JTS,ICT,-0.01
2020-03-05,0.0,0.0,0.0,-0.0,36.1,JTS,ICT,-0.01
2020-03-06,0.0,0.0,0.0,-0.0,12.89,JTS,ICT,-0.01
2020-03-09,0.0,0.0,0.0,0.0,1.81,JTS,ICT,-0.01
2020-03-10,0.0,0.0,0.0,-0.0,9.26,JTS,ICT,-0.01
2020-03-11,0.0,0.0,0.0,0.0,5.46,JTS,ICT,-0.01
2020-03-12,0.0,0.0,0.0,0.0,0.33,JTS,ICT,-0.01
2020-03-13,0.0,0.0,0.0,0.0,5.81,JTS,ICT,-0.01
2020-03-16,0.0,0.0,0.0,-0.0,14.21,JTS,ICT,-0.01
2020-03-17,0.0,0.0,0.0,-0.0,5.11,JTS,ICT,-0.01
2020-03-18,0.0,0.0,0.01,0.0,2.03,JTS,ICT,-0.01
2020-03-19,0.0,0.0,0.0,-0.0,17.93,JTS,ICT,-0.01
2020-03-20,0.0,0.01,0.01,-0.01,3.09,JTS,ICT,-0.02
2020-03-23,0.0,0.0,0.0,-0.0,1.93,JTS,ICT,-0.02
2020-03-24,0.0,0.0,0.0,-0.0,13.18,JTS,ICT,-0.02
2020-03-27,0.0,0.0,0.0,0.0,7.74,JTS,ICT,-0.02
2020-03-30,0.0,0.0,0.0,0.0,36.13,JTS,ICT,-0.02
2020-03-31,0.0,0.0,0.0,-0.0,9.16,JTS,ICT,-0.02
2020-04-03,0.0,0.0,0.0,-0.0,22.13,JTS,ICT,-0.02
2020-04-07,0.0,0.0,0.0,0.0,8.77,JTS,ICT,-0.02
2020-04-10,0.0,0.0,0.0,0.0,2.67,JTS,ICT,-0.02
2020-04-13,0.0,0.0,0.0,-0.0,0.28,JTS,ICT,-0.02
2020-04-14,0.0,0.0,0.0,0.0,0.42,JTS,ICT,-0.02
2020-04-15,0.0,0.0,0.0,0.0,3.36,JTS,ICT,-0.02
2020-04-16,0.0,0.0,0.0,0.0,0.59,JTS,ICT,-0.02
2020-04-17,0.0,0.0,0.0,-0.0,0.6,JTS,ICT,-0.02
2020-04-20,0.0,0.0,0.0,-0.0,0.61,JTS,ICT,-0.02
2020-05-05,0.0,0.0,0.0,0.0,0.08,JTS,ICT,-0.02
2020-05-07,0.0,0.0,0.0,-0.0,0.14,JTS,ICT,-0.02
2020-05-11,0.0,0.02,0.02,-0.02,1.62,JTS,ICT,-0.04
2020-05-12,0.02,0.03,0.05,-0.01,3.3,JTS,ICT,-0.05
2020-05-13,0.01,0.02,0.03,-0.01,2.75,JTS,ICT,-0.060000000000000005
2020-05-14,0.0,0.05,0.05,-0.05,18.2,JTS,ICT,-0.11000000000000001
2020-05-15,0.0,0.0,0.0,-0.0,0.33,JTS,ICT,-0.11000000000000001
2020-05-18,0.0,0.0,0.0,-0.0,0.07,JTS,ICT,-0.11000000000000001
2020-05-20,0.0,0.04,0.04,-0.04,12.57,JTS,ICT,-0.15000000000000002
2020-05-21,0.0,0.02,0.02,-0.02,5.65,JTS,ICT,-0.17
2020-05-26,0.0,0.01,0.01,-0.01,10.39,JTS,ICT,-0.18000000000000002
2020-05-28,0.0,0.0,0.0,-0.0,0.39,JTS,ICT,-0.18000000000000002
2020-06-01,0.0,0.0,0.0,0.0,0.79,JTS,ICT,-0.18000000000000002
2020-06-04,0.0,0.03,0.03,-0.03,1.43,JTS,ICT,-0.21000000000000002
2020-06-05,0.23,0.04,0.27,0.19,6.13,JTS,ICT,-0.020000000000000018
2020-06-08,0.11,0.0,0.12,0.11,3.15,JTS,ICT,0.08999999999999998
2020-06-10,0.03,0.14,0.17,-0.11,3.65,JTS,ICT,-0.020000000000000018
2020-06-15,0.0,0.25,0.25,-0.25,2.19,JTS,ICT,-0.27
2020-06-16,0.03,0.17,0.21,-0.14,1.12,JTS,ICT,-0.41000000000000003
2020-06-17,0.37,0.28,0.65,0.09,1.47,JTS,ICT,-0.32000000000000006
2020-06-18,0.05,0.0,0.05,0.05,0.39,JTS,ICT,-0.2700000000000001
2020-06-19,2.58,0.65,3.23,1.94,14.68,JTS,ICT,1.67
2020-06-22,0.41,1.62,2.03,-1.21,5.56,JTS,ICT,0.45999999999999996
2020-06-23,0.15,0.21,0.37,-0.06,1.26,JTS,ICT,0.39999999999999997
2020-06-24,0.27,0.96,1.23,-0.68,7.61,JTS,ICT,-0.2800000000000001
2020-06-25,0.0,0.17,0.17,-0.17,2.28,JTS,ICT,-0.45000000000000007
2020-06-26,0.62,0.4,1.02,0.22,5.12,JTS,ICT,-0.23000000000000007
2020-06-29,0.0,0.0,0.0,-0.0,0.04,JTS,ICT,-0.23000000000000007
2020-06-30,0.0,0.15,0.15,-0.15,1.41,JTS,ICT,-0.38000000000000006
2020-07-02,0.03,0.12,0.15,-0.09,2.94,JTS,ICT,-0.4700000000000001
2020-07-03,0.02,0.0,0.02,0.02,2.61,JTS,ICT,-0.45000000000000007
2020-07-07,0.0,0.02,0.02,-0.02,0.2,JTS,ICT,-0.4700000000000001
2020-07-08,0.11,0.1,0.22,0.01,1.19,JTS,ICT,-0.4600000000000001
2020-07-13,0.01,0.0,0.01,0.01,0.12,JTS,ICT,-0.45000000000000007
2020-07-14,1.14,0.27,1.41,0.86,3.15,JTS,ICT,0.4099999999999999
2020-07-15,2.29,2.2,4.49,0.09,6.3,JTS,ICT,0.4999999999999999
2020-07-16,0.7,1.9,2.6,-1.2,3.35,JTS,ICT,-0.7000000000000001
2020-07-17,0.07,0.16,0.23,-0.08,1.03,JTS,ICT,-0.78
2020-07-20,0.0,0.01,0.01,-0.01,0.13,JTS,ICT,-0.79
2020-07-21,2.25,1.58,3.82,0.67,5.92,JTS,ICT,-0.12
2020-07-22,0.11,0.82,0.93,-0.71,2.3,JTS,ICT,-0.83
2020-07-23,0.13,0.03,0.16,0.09,1.07,JTS,ICT,-0.74
2020-07-24,0.42,0.54,0.96,-0.13,4.29,JTS,ICT,-0.87
2020-07-29,0.18,0.07,0.24,0.11,1.32,JTS,ICT,-0.76
2020-07-30,0.03,0.19,0.23,-0.16,1.66,JTS,ICT,-0.92
2020-07-31,0.52,0.5,1.02,0.02,6.72,JTS,ICT,-0.9
2020-08-03,0.02,0.02,0.04,-0.01,1.12,JTS,ICT,-0.91
2020-08-04,0.06,0.09,0.15,-0.03,3.63,JTS,ICT,-0.9400000000000001
2020-08-05,0.0,0.01,0.01,-0.01,0.38,JTS,ICT,-0.9500000000000001
2020-08-07,0.0,0.0,0.0,0.0,0.01,JTS,ICT,-0.9500000000000001
2020-08-10,0.09,0.01,0.11,0.08,1.18,JTS,ICT,-0.8700000000000001
2020-08-11,0.47,0.17,0.65,0.3,3.25,JTS,ICT,-0.5700000000000001
2020-08-13,0.0,0.25,0.25,-0.25,3.58,JTS,ICT,-0.8200000000000001
2020-08-14,0.06,0.01,0.07,0.05,0.71,JTS,ICT,-0.77
2020-08-17,0.04,0.0,0.04,0.04,10.18,JTS,ICT,-0.73
2020-08-18,0.07,0.0,0.07,0.07,2.5,JTS,ICT,-0.6599999999999999
2020-08-19,0.06,0.0,0.06,0.06,1.85,JTS,ICT,-0.5999999999999999
2020-08-20,0.06,0.0,0.06,0.06,7.65,JTS,ICT,-0.5399999999999998
2020-08-21,0.06,0.0,0.06,0.06,5.35,JTS,ICT,-0.4799999999999998
2020-08-24,0.21,0.0,0.21,0.21,4.84,JTS,ICT,-0.2699999999999998
2020-08-25,0.05,0.35,0.4,-0.3,2.36,JTS,ICT,-0.5699999999999998
2020-08-26,0.01,0.07,0.08,-0.06,1.24,JTS,ICT,-0.6299999999999999
2020-08-27,0.01,0.01,0.02,-0.0,0.89,JTS,ICT,-0.6299999999999999
2020-08-28,0.0,0.03,0.03,-0.03,3.2,JTS,ICT,-0.6599999999999999
2020-08-31,0.0,0.07,0.07,-0.07,6.7,JTS,ICT,-0.73
2020-09-01,0.28,0.03,0.31,0.25,2.58,JTS,ICT,-0.48
2020-09-02,0.3,0.01,0.31,0.29,3.34,JTS,ICT,-0.19
2020-09-03,0.01,0.13,0.14,-0.12,8.47,JTS,ICT,-0.31
2020-09-08,0.01,0.3,0.31,-0.29,6.97,JTS,ICT,-0.6
2020-09-09,0.03,0.0,0.03,0.02,1.56,JTS,ICT,-0.58
2020-09-10,0.0,0.05,0.05,-0.05,4.24,JTS,ICT,-0.63
2020-09-11,0.0,0.02,0.02,-0.01,2.73,JTS,ICT,-0.64
2020-09-15,0.0,0.0,0.0,0.0,0.2,JTS,ICT,-0.64
2020-09-16,0.0,0.02,0.02,-0.02,1.76,JTS,ICT,-0.66
2020-09-17,0.01,0.01,0.01,-0.0,0.54,JTS,ICT,-0.66
2020-09-18,0.5,0.0,0.5,0.5,2.88,JTS,ICT,-0.16000000000000003
2020-09-21,0.17,0.2,0.36,-0.03,2.08,JTS,ICT,-0.19000000000000003
2020-09-22,0.08,0.0,0.08,0.08,3.69,JTS,ICT,-0.11000000000000003
2020-09-23,0.27,0.15,0.42,0.11,2.29,JTS,ICT,-2.7755575615628914e-17
2020-09-24,0.48,1.37,1.84,-0.89,2.91,JTS,ICT,-0.89
2020-09-25,0.34,0.34,0.68,-0.01,2.72,JTS,ICT,-0.9
2020-09-28,0.0,0.03,0.03,-0.03,0.41,JTS,ICT,-0.93
2020-09-29,0.06,0.14,0.2,-0.09,1.9,JTS,ICT,-1.02
2020-09-30,0.14,0.04,0.18,0.1,1.6,JTS,ICT,-0.92
2020-10-01,0.08,0.12,0.2,-0.05,3.65,JTS,ICT,-0.9700000000000001
2020-10-02,0.09,0.02,0.11,0.08,2.96,JTS,ICT,-0.8900000000000001
2020-10-05,0.08,0.02,0.11,0.06,1.84,JTS,ICT,-0.8300000000000001
2020-10-06,0.0,0.03,0.03,-0.03,1.62,JTS,ICT,-0.8600000000000001
2020-10-07,0.44,0.07,0.51,0.37,4.69,JTS,ICT,-0.4900000000000001
2020-10-08,0.05,0.01,0.06,0.03,0.87,JTS,ICT,-0.4600000000000001
2020-10-09,0.03,0.03,0.06,0.01,5.04,JTS,ICT,-0.45000000000000007
2020-10-12,0.01,0.0,0.01,0.01,2.03,JTS,ICT,-0.44000000000000006
2020-10-14,0.01,0.0,0.01,0.01,1.56,JTS,ICT,-0.43000000000000005
2020-10-15,0.0,0.01,0.01,-0.01,0.43,JTS,ICT,-0.44000000000000006
2020-10-16,0.0,0.0,0.0,-0.0,0.59,JTS,ICT,-0.44000000000000006
2020-10-19,0.0,0.03,0.04,-0.03,2.05,JTS,ICT,-0.4700000000000001
2020-10-20,0.0,0.04,0.04,-0.04,6.37,JTS,ICT,-0.5100000000000001
2020-10-21,0.0,0.04,0.04,-0.04,4.35,JTS,ICT,-0.5500000000000002
2020-10-22,0.0,0.02,0.02,-0.01,1.78,JTS,ICT,-0.5600000000000002
2020-10-26,0.0,0.0,0.0,-0.0,0.18,JTS,ICT,-0.5600000000000002
2020-10-27,0.0,0.0,0.0,0.0,0.2,JTS,ICT,-0.5600000000000002
2020-10-28,0.0,0.15,0.15,-0.15,11.38,JTS,ICT,-0.7100000000000002
2020-10-29,0.0,0.0,0.0,0.0,0.08,JTS,ICT,-0.7100000000000002
2020-10-30,0.0,0.0,0.0,0.0,0.22,JTS,ICT,-0.7100000000000002
2020-11-02,0.0,0.0,0.0,0.0,1.57,JTS,ICT,-0.7100000000000002
2020-11-03,0.01,0.0,0.01,0.01,0.54,JTS,ICT,-0.7000000000000002
2020-11-04,0.0,0.01,0.01,-0.0,0.19,JTS,ICT,-0.7000000000000002
2020-11-05,0.0,0.0,0.0,-0.0,0.27,JTS,ICT,-0.7000000000000002
2020-11-06,0.0,0.01,0.01,-0.01,0.62,JTS,ICT,-0.7100000000000002
2020-11-09,0.0,0.03,0.03,-0.03,4.1,JTS,ICT,-0.7400000000000002
2020-11-10,0.0,0.0,0.0,-0.0,0.03,JTS,ICT,-0.7400000000000002
2020-11-11,0.01,0.0,0.01,0.01,1.61,JTS,ICT,-0.7300000000000002
2020-11-13,0.0,0.0,0.0,0.0,0.45,JTS,ICT,-0.7300000000000002
2020-11-16,0.01,0.0,0.01,0.01,0.56,JTS,ICT,-0.7200000000000002
2020-11-17,0.0,0.0,0.0,0.0,0.18,JTS,ICT,-0.7200000000000002
2020-11-18,0.0,0.0,0.0,0.0,0.53,JTS,ICT,-0.7200000000000002
2020-11-23,0.0,0.01,0.01,-0.01,0.16,JTS,ICT,-0.7300000000000002
2020-11-24,0.01,0.15,0.17,-0.14,2.26,JTS,ICT,-0.8700000000000002
2020-11-27,0.0,0.0,0.0,0.0,0.02,JTS,ICT,-0.8700000000000002
2020-11-30,0.0,0.0,0.0,0.0,0.11,JTS,ICT,-0.8700000000000002
2020-12-01,0.0,0.0,0.0,-0.0,0.02,JTS,ICT,-0.8700000000000002
2020-12-02,0.0,0.0,0.0,-0.0,0.23,JTS,ICT,-0.8700000000000002
2020-12-04,0.02,0.0,0.02,0.02,2.42,JTS,ICT,-0.8500000000000002
2020-12-08,0.0,0.0,0.0,0.0,0.14,JTS,ICT,-0.8500000000000002
2020-12-09,0.0,0.0,0.0,0.0,0.05,JTS,ICT,-0.8500000000000002
2020-12-14,0.0,0.0,0.0,0.0,0.05,JTS,ICT,-0.8500000000000002
2020-12-15,0.0,0.0,0.0,-0.0,0.02,JTS,ICT,-0.8500000000000002
2020-12-16,0.0,0.0,0.0,-0.0,0.05,JTS,ICT,-0.8500000000000002
2020-12-17,0.0,0.0,0.0,-0.0,0.09,JTS,ICT,-0.8500000000000002
2020-12-18,0.0,0.0,0.0,-0.0,0.11,JTS,ICT,-0.8500000000000002
2020-12-21,0.0,0.0,0.0,0.0,0.14,JTS,ICT,-0.8500000000000002
2020-12-22,0.0,0.0,0.0,0.0,0.29,JTS,ICT,-0.8500000000000002
2020-12-23,0.0,0.0,0.0,0.0,0.06,JTS,ICT,-0.8500000000000002
2020-12-24,0.0,0.0,0.0,0.0,0.07,JTS,ICT,-0.8500000000000002
2020-12-25,0.0,0.0,0.0,0.0,0.35,JTS,ICT,-0.8500000000000002
2020-12-28,0.0,0.01,0.01,-0.01,1.1,JTS,ICT,-0.8600000000000002
2020-12-29,0.0,0.0,0.0,-0.0,0.57,JTS,ICT,-0.8600000000000002
2020-12-30,0.0,0.0,0.0,0.0,0.1,JTS,ICT,-0.8600000000000002
2021-01-04,0.0,0.0,0.0,0.0,0.04,JTS,ICT,-0.8600000000000002
2021-01-05,0.0,0.0,0.0,0.0,0.03,JTS,ICT,-0.8600000000000002
2021-01-06,0.0,0.0,0.0,-0.0,0.05,JTS,ICT,-0.8600000000000002
2021-01-07,0.01,0.01,0.02,0.0,0.27,JTS,ICT,-0.8600000000000002
2021-01-08,0.02,0.01,0.04,0.01,0.27,JTS,ICT,-0.8500000000000002
2021-01-11,0.01,0.01,0.02,0.0,0.28,JTS,ICT,-0.8500000000000002
2021-01-13,0.0,0.01,0.01,-0.01,1.25,JTS,ICT,-0.8600000000000002
2021-01-14,0.02,0.0,0.02,0.02,1.98,JTS,ICT,-0.8400000000000002
2021-01-15,0.0,0.0,0.0,0.0,0.07,JTS,ICT,-0.8400000000000002
2021-01-18,0.0,0.0,0.0,0.0,0.17,JTS,ICT,-0.8400000000000002
2021-01-19,0.0,0.0,0.0,0.0,0.16,JTS,ICT,-0.8400000000000002
2021-01-20,0.0,0.0,0.0,-0.0,0.07,JTS,ICT,-0.8400000000000002
2021-01-21,0.0,0.0,0.0,-0.0,0.01,JTS,ICT,-0.8400000000000002
2021-01-22,0.0,0.0,0.0,-0.0,0.06,JTS,ICT,-0.8400000000000002
2021-01-25,0.01,0.0,0.01,0.01,1.4,JTS,ICT,-0.8300000000000002
2021-01-26,0.0,0.0,0.0,-0.0,0.05,JTS,ICT,-0.8300000000000002
2021-01-27,0.0,0.01,0.01,-0.01,0.82,JTS,ICT,-0.8400000000000002
2021-01-28,0.0,0.0,0.0,0.0,0.24,JTS,ICT,-0.8400000000000002
2021-01-29,0.0,0.0,0.0,0.0,0.2,JTS,ICT,-0.8400000000000002
2021-02-01,0.0,0.0,0.0,0.0,0.14,JTS,ICT,-0.8400000000000002
2021-02-02,0.0,0.0,0.0,0.0,0.11,JTS,ICT,-0.8400000000000002
2021-02-03,0.01,0.0,0.01,0.01,1.45,JTS,ICT,-0.8300000000000002
2021-02-04,0.12,0.0,0.12,0.12,5.73,JTS,ICT,-0.7100000000000002
2021-02-05,0.01,0.03,0.04,-0.02,0.93,JTS,ICT,-0.7300000000000002
2021-02-08,0.0,0.04,0.04,-0.04,2.15,JTS,ICT,-0.7700000000000002
2021-02-09,0.48,0.44,0.91,0.04,2.45,JTS,ICT,-0.7300000000000002
2021-02-10,1.4,1.15,2.55,0.25,3.19,JTS,ICT,-0.4800000000000002
2021-02-11,0.67,0.71,1.37,-0.04,2.65,JTS,ICT,-0.5200000000000002
2021-02-15,0.65,0.22,0.86,0.43,3.87,JTS,ICT,-0.09000000000000025
2021-02-16,0.0,0.58,0.58,-0.58,7.14,JTS,ICT,-0.6700000000000002
2021-02-17,0.01,0.07,0.09,-0.06,1.74,JTS,ICT,-0.7300000000000002
2021-02-18,0.0,0.19,0.19,-0.19,3.94,JTS,ICT,-0.9200000000000002
2021-02-19,0.0,0.01,0.01,-0.01,0.1,JTS,ICT,-0.9300000000000002
2021-02-22,0.03,0.0,0.03,0.03,0.77,JTS,ICT,-0.9000000000000001
2021-02-23,0.02,0.12,0.14,-0.09,7.77,JTS,ICT,-0.9900000000000001
2021-02-24,0.0,0.01,0.01,-0.01,0.73,JTS,ICT,-1.0
2021-02-25,0.25,0.03,0.28,0.22,2.45,JTS,ICT,-0.78
2021-03-01,0.07,0.2,0.27,-0.13,1.99,JTS,ICT,-0.91
2021-03-02,1.17,1.17,2.34,-0.01,3.91,JTS,ICT,-0.92
2021-03-03,0.1,0.06,0.16,0.04,0.69,JTS,ICT,-0.88
2021-03-04,0.39,0.39,0.78,0.0,1.98,JTS,ICT,-0.88
2021-03-05,0.83,0.67,1.49,0.16,3.33,JTS,ICT,-0.72
2021-03-08,0.3,0.54,0.84,-0.24,3.16,JTS,ICT,-0.96
2021-03-09,1.6,0.52,2.13,1.08,1.95,JTS,ICT,0.1200000000000001
2021-03-10,2.19,1.2,3.39,0.99,2.15,JTS,ICT,1.11
2021-03-11,0.96,2.54,3.5,-1.58,5.75,JTS,ICT,-0.47
2021-03-12,7.98,2.84,10.82,5.14,8.36,JTS,ICT,4.67
2021-03-15,1.3,2.65,3.95,-1.36,2.91,JTS,ICT,3.3099999999999996
2021-03-16,0.43,2.17,2.61,-1.74,3.42,JTS,ICT,1.5699999999999996
2021-03-17,5.06,1.71,6.77,3.35,9.72,JTS,ICT,4.92
2021-03-18,2.87,1.98,4.86,0.89,7.09,JTS,ICT,5.81
2021-03-19,2.68,2.79,5.47,-0.11,2.32,JTS,ICT,5.699999999999999
2021-03-22,9.63,6.77,16.4,2.85,7.02,JTS,ICT,8.549999999999999
2021-03-23,10.93,21.13,32.06,-10.2,7.98,JTS,ICT,-1.6500000000000004
2021-03-24,0.94,1.41,2.35,-0.47,1.26,JTS,ICT,-2.12
2021-03-25,0.71,1.86,2.56,-1.15,3.59,JTS,ICT,-3.27
2021-03-26,0.44,1.52,1.96,-1.08,5.56,JTS,ICT,-4.35
2021-03-29,0.67,2.54,3.22,-1.87,4.67,JTS,ICT,-6.22
2021-03-30,0.68,1.28,1.95,-0.6,7.44,JTS,ICT,-6.819999999999999
2021-03-31,1.02,0.54,1.56,0.48,8.64,JTS,ICT,-6.34
2021-04-01,6.6,1.98,8.58,4.62,10.6,JTS,ICT,-1.7199999999999998
2021-04-02,1.52,2.63,4.15,-1.11,13.55,JTS,ICT,-2.83
2021-04-05,1.69,0.92,2.61,0.78,10.67,JTS,ICT,-2.05
2021-04-07,3.15,0.1,3.25,3.06,13.79,JTS,ICT,1.0100000000000002
2021-04-08,0.84,0.6,1.44,0.24,10.76,JTS,ICT,1.2500000000000002
2021-04-09,1.95,0.25,2.19,1.7,11.73,JTS,ICT,2.95
2021-04-12,16.62,3.82,20.44,12.79,9.89,JTS,ICT,15.739999999999998
2021-04-16,1.77,6.34,8.11,-4.57,17.58,JTS,ICT,11.169999999999998
2021-04-19,1.37,1.39,2.75,-0.02,7.83,JTS,ICT,11.149999999999999
2021-04-20,0.95,1.82,2.78,-0.87,11.33,JTS,ICT,10.28
2021-04-21,0.31,1.23,1.54,-0.92,9.53,JTS,ICT,9.36
2021-04-22,0.05,0.52,0.57,-0.47,5.79,JTS,ICT,8.889999999999999
2021-04-23,0.88,1.83,2.71,-0.95,10.71,JTS,ICT,7.939999999999999
2021-04-26,1.2,0.73,1.93,0.47,10.16,JTS,ICT,8.409999999999998
2021-04-27,1.14,1.18,2.32,-0.04,15.33,JTS,ICT,8.37
2021-04-28,0.28,0.77,1.05,-0.5,9.68,JTS,ICT,7.869999999999999
2021-04-29,1.39,1.16,2.55,0.23,12.83,JTS,ICT,8.1
2021-04-30,0.56,2.89,3.45,-2.34,17.66,JTS,ICT,5.76
2021-05-05,3.19,4.2,7.39,-1.01,18.16,JTS,ICT,4.75
2021-05-06,0.0,1.63,1.63,-1.63,18.17,JTS,ICT,3.12
2021-05-07,0.49,0.59,1.08,-0.1,14.05,JTS,ICT,3.02
2021-05-10,0.06,0.98,1.04,-0.92,14.69,JTS,ICT,2.1
2021-05-11,0.93,1.04,1.98,-0.11,15.07,JTS,ICT,1.99
2021-05-12,1.46,2.47,3.94,-1.01,14.59,JTS,ICT,0.98
2021-05-13,2.95,1.52,4.46,1.43,15.38,JTS,ICT,2.41
2021-05-14,0.94,1.67,2.62,-0.73,18.03,JTS,ICT,1.6800000000000002
2021-05-17,2.63,0.71,3.33,1.92,15.75,JTS,ICT,3.6
2021-05-18,2.03,0.61,2.64,1.42,21.79,JTS,ICT,5.02
2021-05-19,0.06,1.11,1.17,-1.06,21.13,JTS,ICT,3.9599999999999995
2021-05-20,0.79,0.59,1.38,0.2,12.23,JTS,ICT,4.159999999999999
2021-05-21,0.55,0.22,0.78,0.33,10.35,JTS,ICT,4.489999999999999
2021-05-24,9.67,5.04,14.71,4.62,20.87,JTS,ICT,9.11
2021-05-25,6.04,8.9,14.94,-2.86,15.06,JTS,ICT,6.25
2021-05-27,1.57,4.6,6.17,-3.02,17.25,JTS,ICT,3.23
2021-05-28,1.05,0.8,1.86,0.25,8.15,JTS,ICT,3.48
2021-05-31,0.7,0.19,0.89,0.51,9.4,JTS,ICT,3.99
2021-06-01,1.31,0.69,2.0,0.62,9.21,JTS,ICT,4.61
2021-06-02,0.41,2.08,2.5,-1.67,8.78,JTS,ICT,2.9400000000000004
2021-06-04,0.47,0.34,0.81,0.14,6.85,JTS,ICT,3.0800000000000005
2021-06-07,0.44,1.1,1.54,-0.67,13.61,JTS,ICT,2.4100000000000006
2021-06-08,0.39,0.38,0.77,0.0,8.64,JTS,ICT,2.4100000000000006
2021-06-09,1.34,1.25,2.6,0.09,14.89,JTS,ICT,2.5000000000000004
2021-06-10,0.46,0.36,0.82,0.11,12.15,JTS,ICT,2.6100000000000003
2021-06-11,0.99,0.13,1.12,0.86,12.01,JTS,ICT,3.47
2021-06-14,38.4,20.8,59.2,17.6,13.39,JTS,ICT,21.07
2021-06-15,27.23,6.72,33.95,20.5,11.31,JTS,ICT,41.57
2021-06-16,29.43,21.01,50.44,8.42,14.28,JTS,ICT,49.99
2021-06-17,41.0,26.05,67.05,14.95,11.61,JTS,ICT,64.94
2021-06-18,19.16,71.86,91.02,-52.71,14.99,JTS,ICT,12.229999999999997
2021-06-21,10.06,21.01,31.07,-10.95,15.27,JTS,ICT,1.2799999999999976
2021-06-22,6.08,14.52,20.6,-8.44,20.6,JTS,ICT,-7.160000000000002
2021-06-23,7.95,13.89,21.84,-5.94,18.92,JTS,ICT,-13.100000000000001
2021-06-24,7.14,6.05,13.18,1.09,14.88,JTS,ICT,-12.010000000000002
2021-06-25,3.78,3.26,7.04,0.52,16.26,JTS,ICT,-11.490000000000002
2021-06-28,7.68,2.17,9.85,5.51,23.27,JTS,ICT,-5.980000000000002
2021-06-29,35.3,7.14,42.44,28.16,20.11,JTS,ICT,22.18
2021-06-30,12.42,35.71,48.13,-23.29,19.05,JTS,ICT,-1.1099999999999994
2021-07-01,1.17,11.58,12.75,-10.41,16.61,JTS,ICT,-11.52
2021-07-02,2.29,1.96,4.25,0.33,12.98,JTS,ICT,-11.19
2021-07-05,14.25,4.74,18.99,9.51,18.27,JTS,ICT,-1.6799999999999997
2021-07-06,1.9,8.23,10.13,-6.33,20.86,JTS,ICT,-8.01
2021-07-07,2.49,2.6,5.09,-0.11,17.14,JTS,ICT,-8.12
2021-07-08,3.93,3.67,7.6,0.26,13.68,JTS,ICT,-7.859999999999999
2021-07-09,26.18,5.3,31.48,20.87,18.52,JTS,ICT,13.010000000000002
2021-07-12,62.31,13.6,75.92,48.71,13.71,JTS,ICT,61.72
2021-07-13,8.42,46.9,55.33,-38.48,20.11,JTS,ICT,23.240000000000002
2021-07-14,3.92,9.11,13.02,-5.19,22.62,JTS,ICT,18.05
2021-07-15,0.92,5.85,6.77,-4.93,15.45,JTS,ICT,13.120000000000001
2021-07-16,11.54,7.48,19.02,4.06,11.59,JTS,ICT,17.18
2021-07-19,11.55,20.62,32.16,-9.07,8.43,JTS,ICT,8.11
2021-07-20,8.67,46.6,55.27,-37.93,10.27,JTS,ICT,-29.82
2021-07-21,4.23,26.66,30.88,-22.43,24.58,JTS,ICT,-52.25
2021-07-22,9.79,10.46,20.25,-0.67,15.69,JTS,ICT,-52.92
2021-07-23,2.24,21.92,24.16,-19.69,20.4,JTS,ICT,-72.61
2021-07-27,3.91,3.63,7.54,0.28,9.74,JTS,ICT,-72.33
2021-07-29,5.9,3.58,9.48,2.31,11.56,JTS,ICT,-70.02
2021-07-30,1.94,5.12,7.06,-3.18,17.66,JTS,ICT,-73.2
2021-08-02,1.88,2.36,4.24,-0.49,12.0,JTS,ICT,-73.69
2021-08-03,9.62,2.96,12.57,6.66,17.28,JTS,ICT,-67.03
2021-08-04,1.34,1.59,2.92,-0.25,16.31,JTS,ICT,-67.28
2021-08-05,5.2,5.74,10.94,-0.54,22.2,JTS,ICT,-67.82000000000001
2021-08-06,0.89,4.27,5.16,-3.39,17.71,JTS,ICT,-71.21000000000001
2021-08-09,2.98,5.07,8.06,-2.09,15.07,JTS,ICT,-73.30000000000001
2021-08-10,1.3,5.28,6.58,-3.98,11.74,JTS,ICT,-77.28000000000002
2021-08-11,0.46,2.15,2.61,-1.69,10.82,JTS,ICT,-78.97000000000001
2021-08-13,0.34,0.64,0.98,-0.3,5.44,JTS,ICT,-79.27000000000001
2021-08-16,0.5,1.57,2.08,-1.07,10.98,JTS,ICT,-80.34
2021-08-17,9.41,4.24,13.66,5.17,15.51,JTS,ICT,-75.17
2021-08-18,0.61,7.06,7.67,-6.46,26.19,JTS,ICT,-81.63
2021-08-19,1.61,0.65,2.27,0.96,19.78,JTS,ICT,-80.67
2021-08-20,18.03,2.36,20.39,15.67,28.61,JTS,ICT,-65.0
2021-08-23,9.88,12.97,22.85,-3.09,27.78,JTS,ICT,-68.09
2021-08-24,18.36,2.67,21.03,15.69,22.82,JTS,ICT,-52.400000000000006
2021-08-25,15.15,31.28,46.43,-16.13,23.15,JTS,ICT,-68.53
2021-08-26,19.39,1.93,21.32,17.46,27.64,JTS,ICT,-51.07
2021-08-27,43.39,2.63,46.02,40.75,24.19,JTS,ICT,-10.32
2021-08-30,8.01,29.74,37.75,-21.74,27.45,JTS,ICT,-32.06
2021-08-31,3.71,13.75,17.46,-10.04,22.39,JTS,ICT,-42.1
2021-09-01,10.38,6.91,17.29,3.47,27.99,JTS,ICT,-38.63
2021-09-02,1.44,5.3,6.74,-3.86,25.5,JTS,ICT,-42.49
2021-09-03,4.41,4.34,8.75,0.07,23.2,JTS,ICT,-42.42
2021-09-06,2.37,3.58,5.95,-1.21,32.86,JTS,ICT,-43.63
2021-09-07,11.53,4.35,15.89,7.18,23.87,JTS,ICT,-36.45
2021-09-08,9.39,2.62,12.0,6.77,25.29,JTS,ICT,-29.680000000000003
2021-09-09,2.55,9.65,12.2,-7.1,24.42,JTS,ICT,-36.78
2021-09-10,2.82,3.67,6.49,-0.85,35.93,JTS,ICT,-37.63
2021-09-13,2.24,4.28,6.51,-2.04,31.92,JTS,ICT,-39.67
2021-09-14,3.15,2.63,5.78,0.52,37.33,JTS,ICT,-39.15
2021-09-15,2.09,2.95,5.04,-0.86,29.42,JTS,ICT,-40.01
2021-09-16,3.45,2.92,6.37,0.53,32.69,JTS,ICT,-39.48
2021-09-17,0.88,0.89,1.77,-0.02,16.98,JTS,ICT,-39.5
2021-09-20,2.54,3.56,6.1,-1.02,22.77,JTS,ICT,-40.52
2021-09-21,12.5,14.42,26.92,-1.93,25.17,JTS,ICT,-42.45
2021-09-22,2.68,8.15,10.84,-5.47,25.51,JTS,ICT,-47.92
2021-09-23,3.7,2.62,6.32,1.09,18.94,JTS,ICT,-46.83
2021-09-27,5.84,5.18,11.03,0.66,20.3,JTS,ICT,-46.17
2021-09-28,3.43,11.84,15.26,-8.41,21.58,JTS,ICT,-54.58
2021-09-29,1.99,2.25,4.24,-0.27,16.45,JTS,ICT,-54.85
2021-09-30,4.04,5.11,9.15,-1.07,13.2,JTS,ICT,-55.92
2021-10-01,1.65,3.02,4.67,-1.38,7.22,JTS,ICT,-57.300000000000004
2021-10-04,1.27,1.97,3.24,-0.7,8.03,JTS,ICT,-58.00000000000001
2021-10-05,5.68,1.08,6.76,4.6,17.35,JTS,ICT,-53.400000000000006
2021-10-06,2.98,4.15,7.13,-1.17,14.78,JTS,ICT,-54.57000000000001
2021-10-07,1.33,3.32,4.65,-2.0,9.07,JTS,ICT,-56.57000000000001
2021-10-08,0.94,1.8,2.73,-0.86,11.0,JTS,ICT,-57.43000000000001
2021-10-11,1.0,2.22,3.22,-1.22,6.87,JTS,ICT,-58.650000000000006
2021-10-12,11.1,3.89,15.0,7.21,17.53,JTS,ICT,-51.440000000000005
2021-10-14,2.38,11.28,13.66,-8.89,15.82,JTS,ICT,-60.330000000000005
2021-10-15,3.03,4.4,7.42,-1.37,9.36,JTS,ICT,-61.7
2021-10-18,2.26,4.12,6.38,-1.86,14.7,JTS,ICT,-63.56
2021-10-19,4.42,2.96,7.38,1.46,9.82,JTS,ICT,-62.1
2021-10-20,5.84,4.12,9.96,1.72,6.93,JTS,ICT,-60.38
2021-10-21,23.01,11.43,34.44,11.58,17.36,JTS,ICT,-48.800000000000004
2021-10-25,57.32,65.96,123.28,-8.64,21.98,JTS,ICT,-57.440000000000005
2021-10-26,15.72,7.32,23.03,8.4,19.89,JTS,ICT,-49.040000000000006
2021-10-27,71.41,11.06,82.48,60.35,25.14,JTS,ICT,11.309999999999995
2021-10-28,18.18,47.75,65.93,-29.56,21.2,JTS,ICT,-18.250000000000004
2021-10-29,70.39,74.99,145.38,-4.6,23.45,JTS,ICT,-22.85
2021-11-01,46.26,10.25,56.51,36.01,26.13,JTS,ICT,13.159999999999997
2021-11-02,12.67,25.77,38.44,-13.1,17.26,JTS,ICT,0.059999999999996945
2021-11-03,6.67,14.25,20.92,-7.59,23.81,JTS,ICT,-7.530000000000003
2021-11-04,47.63,15.75,63.38,31.88,29.18,JTS,ICT,24.349999999999994
2021-11-05,9.21,10.96,20.17,-1.75,31.88,JTS,ICT,22.599999999999994
2021-11-08,78.75,32.76,111.51,45.98,26.48,JTS,ICT,68.57999999999998
2021-11-09,40.01,62.1,102.11,-22.09,26.76,JTS,ICT,46.48999999999998
2021-11-10,20.14,21.26,41.4,-1.12,27.59,JTS,ICT,45.36999999999998
2021-11-11,21.85,12.99,34.84,8.86,19.73,JTS,ICT,54.22999999999998
2021-11-12,11.38,13.37,24.75,-1.98,19.27,JTS,ICT,52.249999999999986
2021-11-15,11.15,16.31,27.46,-5.16,15.64,JTS,ICT,47.08999999999999
2021-11-16,4.98,10.73,15.71,-5.75,17.44,JTS,ICT,41.33999999999999
2021-11-17,3.55,5.54,9.1,-1.99,13.57,JTS,ICT,39.34999999999999
2021-11-18,2.91,2.3,5.21,0.61,16.64,JTS,ICT,39.95999999999999
2021-11-19,3.22,2.45,5.67,0.77,16.58,JTS,ICT,40.72999999999999
2021-11-22,5.24,6.87,12.12,-1.63,17.16,JTS,ICT,39.09999999999999
2021-11-23,5.13,8.81,13.94,-3.68,24.77,JTS,ICT,35.41999999999999
2021-11-24,14.06,8.39,22.46,5.67,18.61,JTS,ICT,41.08999999999999
2021-11-25,5.41,7.5,12.91,-2.09,15.99,JTS,ICT,38.999999999999986
2021-11-26,3.08,5.58,8.66,-2.5,21.93,JTS,ICT,36.499999999999986
2021-11-29,18.38,10.74,29.12,7.64,26.44,JTS,ICT,44.139999999999986
2021-11-30,17.25,7.9,25.15,9.35,21.94,JTS,ICT,53.48999999999999
2021-12-01,61.43,24.79,86.23,36.64,27.26,JTS,ICT,90.13
2021-12-02,24.08,15.72,39.8,8.35,24.18,JTS,ICT,98.47999999999999
2021-12-03,44.15,22.61,66.76,21.53,21.88,JTS,ICT,120.00999999999999
2021-12-07,15.66,25.81,41.46,-10.15,28.15,JTS,ICT,109.85999999999999
2021-12-08,16.61,7.5,24.11,9.1,33.78,JTS,ICT,118.95999999999998
2021-12-09,50.69,17.56,68.25,33.12,20.74,JTS,ICT,152.07999999999998
2021-12-13,21.81,44.91,66.71,-23.1,17.75,JTS,ICT,128.98
2021-12-14,35.51,35.81,71.31,-0.3,26.68,JTS,ICT,128.67999999999998
2021-12-15,103.36,66.44,169.79,36.92,19.09,JTS,ICT,165.59999999999997
2021-12-16,38.57,28.7,67.27,9.87,20.64,JTS,ICT,175.46999999999997
2021-12-17,25.57,30.01,55.58,-4.44,21.49,JTS,ICT,171.02999999999997
2021-12-20,9.56,14.5,24.06,-4.94,20.66,JTS,ICT,166.08999999999997
2021-12-21,24.98,19.1,44.08,5.87,23.55,JTS,ICT,171.95999999999998
2021-12-22,5.98,18.4,24.38,-12.42,20.85,JTS,ICT,159.54
2021-12-23,8.28,3.58,11.86,4.71,23.11,JTS,ICT,164.25
2021-12-24,27.82,15.8,43.61,12.02,29.99,JTS,ICT,176.27
2021-12-27,1.7,7.52,9.21,-5.82,24.06,JTS,ICT,170.45000000000002
2021-12-28,4.99,9.71,14.7,-4.72,18.81,JTS,ICT,165.73000000000002
2021-12-29,5.25,4.1,9.35,1.15,23.24,JTS,ICT,166.88000000000002
2021-12-30,3.41,2.29,5.7,1.12,20.04,JTS,ICT,168.00000000000003
2022-01-04,5.23,6.23,11.46,-1.0,17.78,JTS,ICT,167.00000000000003
2022-01-05,1.63,13.5,15.14,-11.87,18.61,JTS,ICT,155.13000000000002
2022-01-06,26.8,44.51,71.3,-17.71,28.75,JTS,ICT,137.42000000000002
2022-01-07,4.17,6.82,10.99,-2.65,13.3,JTS,ICT,134.77
2022-01-10,121.74,68.63,190.37,53.1,22.62,JTS,ICT,187.87
2022-01-11,78.69,65.02,143.71,13.67,24.51,JTS,ICT,201.54
2022-01-12,139.55,204.03,343.58,-64.48,24.06,JTS,ICT,137.06
2022-01-13,13.5,23.05,36.55,-9.56,16.16,JTS,ICT,127.5
2022-01-14,29.0,17.19,46.19,11.81,37.86,JTS,ICT,139.31
2022-01-17,28.21,14.7,42.91,13.5,20.87,JTS,ICT,152.81
2022-01-18,18.85,10.94,29.79,7.91,25.12,JTS,ICT,160.72
2022-01-19,30.13,12.73,42.86,17.4,31.46,JTS,ICT,178.12
2022-01-20,12.42,3.61,16.03,8.81,26.53,JTS,ICT,186.93
2022-01-21,13.02,5.64,18.66,7.38,28.06,JTS,ICT,194.31
2022-01-24,12.56,25.51,38.07,-12.96,26.64,JTS,ICT,181.35
2022-01-25,10.55,18.23,28.78,-7.67,22.44,JTS,ICT,173.68
2022-01-26,5.23,16.9,22.13,-11.67,23.7,JTS,ICT,162.01000000000002
2022-01-27,8.97,8.73,17.7,0.23,28.09,JTS,ICT,162.24
2022-01-28,5.98,14.72,20.7,-8.75,28.37,JTS,ICT,153.49
2022-01-31,5.17,5.8,10.97,-0.63,18.02,JTS,ICT,152.86
2022-02-01,8.36,2.36,10.72,6.01,10.58,JTS,ICT,158.87
2022-02-02,7.04,9.06,16.09,-2.02,11.76,JTS,ICT,156.85
2022-02-03,137.29,84.17,221.47,53.12,23.95,JTS,ICT,209.97
2022-02-04,37.98,155.67,193.65,-117.69,20.78,JTS,ICT,92.28
2022-02-07,57.9,30.41,88.31,27.49,17.37,JTS,ICT,119.77
2022-02-08,51.65,33.39,85.04,18.26,19.28,JTS,ICT,138.03
2022-02-09,68.14,46.63,114.76,21.51,16.35,JTS,ICT,159.54
2022-02-10,69.07,88.33,157.4,-19.26,19.5,JTS,ICT,140.28
2022-02-11,157.35,96.01,253.36,61.33,21.59,JTS,ICT,201.61
2022-02-14,52.83,86.86,139.69,-34.02,22.41,JTS,ICT,167.59
2022-02-15,69.84,51.61,121.46,18.23,32.37,JTS,ICT,185.82
2022-02-17,82.37,31.01,113.37,51.36,24.53,JTS,ICT,237.18
2022-02-18,34.29,81.3,115.59,-47.01,30.46,JTS,ICT,190.17000000000002
2022-02-21,742.17,150.13,892.3,592.04,36.65,JTS,ICT,782.21
2022-02-22,310.79,230.42,541.21,80.37,34.52,JTS,ICT,862.58
2022-02-23,286.09,378.48,664.57,-92.39,26.85,JTS,ICT,770.19
2022-02-24,306.98,277.65,584.63,29.34,18.77,JTS,ICT,799.5300000000001
2022-02-25,183.27,185.0,368.27,-1.73,25.07,JTS,ICT,797.8000000000001
2022-02-28,249.92,198.53,448.45,51.39,27.37,JTS,ICT,849.19
2022-03-01,162.89,236.44,399.33,-73.55,23.61,JTS,ICT,775.6400000000001
2022-03-02,117.03,69.67,186.71,47.36,31.05,JTS,ICT,823.0000000000001
2022-03-03,172.18,103.49,275.66,68.69,36.8,JTS,ICT,891.69
2022-03-04,79.57,31.79,111.36,47.77,34.5,JTS,ICT,939.46
2022-03-07,86.34,42.1,128.44,44.24,38.32,JTS,ICT,983.7
2022-03-08,99.38,69.96,169.33,29.42,28.64,JTS,ICT,1013.12
2022-03-09,199.24,78.07,277.3,121.17,30.02,JTS,ICT,1134.29
2022-03-10,84.0,209.63,293.63,-125.62,34.69,JTS,ICT,1008.67
2022-03-11,106.79,69.09,175.89,37.7,43.8,JTS,ICT,1046.37
2022-03-14,148.76,170.27,319.03,-21.51,36.99,JTS,ICT,1024.86
2022-03-15,148.14,83.88,232.02,64.27,33.6,JTS,ICT,1089.1299999999999
2022-03-16,208.68,148.44,357.11,60.24,31.41,JTS,ICT,1149.37
2022-03-17,333.33,131.84,465.17,201.5,31.41,JTS,ICT,1350.87
2022-03-18,202.62,1939.18,2141.8,-1736.56,43.51,JTS,ICT,-385.69000000000005
2022-03-21,110.11,92.04,202.15,18.08,28.98,JTS,ICT,-367.61000000000007
2022-03-22,314.42,137.1,451.52,177.33,28.99,JTS,ICT,-190.28000000000006
2022-03-23,285.55,167.07,452.62,118.49,22.0,JTS,ICT,-71.79000000000006
2022-03-24,182.09,137.1,319.19,44.99,20.39,JTS,ICT,-26.80000000000006
2022-03-25,251.02,242.28,493.31,8.74,17.46,JTS,ICT,-18.06000000000006
2022-03-28,62.22,96.05,158.28,-33.83,20.85,JTS,ICT,-51.89000000000006
2022-03-29,21.8,35.69,57.49,-13.88,22.5,JTS,ICT,-65.77000000000005
2022-03-30,29.75,32.51,62.25,-2.76,22.05,JTS,ICT,-68.53000000000006
2022-03-31,153.52,42.16,195.68,111.35,32.38,JTS,ICT,42.819999999999936
2022-04-01,99.35,80.28,179.63,19.07,25.34,JTS,ICT,61.88999999999994
2022-04-04,104.79,44.56,149.35,60.23,25.54,JTS,ICT,122.11999999999993
2022-04-05,153.8,99.83,253.64,53.97,27.17,JTS,ICT,176.08999999999992
2022-04-07,153.29,112.4,265.69,40.88,26.15,JTS,ICT,216.9699999999999
2022-04-08,65.54,59.3,124.83,6.24,29.57,JTS,ICT,223.20999999999992
2022-04-11,103.06,92.4,195.45,10.66,33.35,JTS,ICT,233.86999999999992
2022-04-12,33.53,224.42,257.95,-190.9,30.94,JTS,ICT,42.969999999999914
2022-04-18,34.24,93.84,128.08,-59.6,32.79,JTS,ICT,-16.630000000000088
2022-04-19,240.58,92.13,332.71,148.45,32.02,JTS,ICT,131.8199999999999
2022-04-21,69.3,174.75,244.05,-105.46,28.71,JTS,ICT,26.359999999999914
2022-04-22,57.6,77.59,135.19,-19.99,21.21,JTS,ICT,6.369999999999916
2022-04-26,6.83,13.92,20.75,-7.09,10.38,JTS,ICT,-0.7200000000000841
2022-04-27,14.82,63.08,77.89,-48.26,23.13,JTS,ICT,-48.98000000000008
2022-04-28,10.92,32.02,42.93,-21.1,17.21,JTS,ICT,-70.08000000000008
2022-04-29,9.61,17.58,27.19,-7.97,29.06,JTS,ICT,-78.05000000000008
2022-05-03,16.69,41.08,57.76,-24.39,24.59,JTS,ICT,-102.44000000000008
2022-05-05,10.85,36.33,47.18,-25.49,22.17,JTS,ICT,-127.93000000000008
2022-05-06,81.37,39.63,121.01,41.74,31.83,JTS,ICT,-86.19000000000008
2022-05-09,19.58,49.1,68.68,-29.52,29.6,JTS,ICT,-115.71000000000008
2022-05-10,5.71,27.45,33.15,-21.74,25.92,JTS,ICT,-137.45000000000007
2022-05-11,6.74,30.29,37.02,-23.55,34.0,JTS,ICT,-161.00000000000009
2022-05-12,12.39,33.54,45.94,-21.15,17.59,JTS,ICT,-182.1500000000001
2022-05-13,40.24,37.86,78.1,2.39,15.82,JTS,ICT,-179.7600000000001
2022-05-18,30.63,16.91,47.54,13.71,11.44,JTS,ICT,-166.0500000000001
2022-05-19,34.54,45.06,79.59,-10.52,16.33,JTS,ICT,-176.5700000000001
2022-05-23,4.29,7.73,12.02,-3.44,9.2,JTS,ICT,-180.0100000000001
2022-05-24,5.72,9.32,15.04,-3.59,18.77,JTS,ICT,-183.6000000000001
2022-05-25,8.31,5.54,13.86,2.77,30.49,JTS,ICT,-180.8300000000001
2022-05-26,5.06,14.59,19.65,-9.52,17.55,JTS,ICT,-190.3500000000001
2022-05-27,6.67,5.44,12.11,1.24,17.06,JTS,ICT,-189.1100000000001
2022-05-30,6.82,5.95,12.77,0.88,15.54,JTS,ICT,-188.2300000000001
2022-05-31,10.56,3.46,14.01,7.1,13.31,JTS,ICT,-181.1300000000001
2022-06-01,19.72,5.38,25.1,14.33,16.69,JTS,ICT,-166.8000000000001
2022-06-02,14.79,10.57,25.36,4.22,14.13,JTS,ICT,-162.5800000000001
2022-06-06,14.59,4.38,18.97,10.21,10.45,JTS,ICT,-152.3700000000001
2022-06-07,4.48,3.03,7.51,1.45,8.89,JTS,ICT,-150.9200000000001
2022-06-08,10.46,2.36,12.82,8.09,14.11,JTS,ICT,-142.8300000000001
2022-06-09,10.58,3.62,14.2,6.96,9.12,JTS,ICT,-135.8700000000001
2022-06-10,17.33,48.47,65.81,-31.14,16.78,JTS,ICT,-167.0100000000001
2022-06-13,17.12,17.77,34.89,-0.65,20.12,JTS,ICT,-167.6600000000001
2022-06-14,61.84,63.97,125.82,-2.13,20.06,JTS,ICT,-169.7900000000001
2022-06-15,46.24,20.62,66.86,25.63,19.29,JTS,ICT,-144.1600000000001
2022-06-16,58.8,53.43,112.22,5.37,21.11,JTS,ICT,-138.7900000000001
2022-06-17,93.16,85.45,178.61,7.71,21.82,JTS,ICT,-131.0800000000001
2022-06-20,52.38,44.63,97.01,7.75,11.4,JTS,ICT,-123.3300000000001
2022-06-21,35.63,46.69,82.32,-11.06,8.62,JTS,ICT,-134.3900000000001
2022-06-22,83.23,208.1,291.33,-124.86,14.2,JTS,ICT,-259.2500000000001
2022-06-23,52.64,106.84,159.47,-54.2,10.25,JTS,ICT,-313.4500000000001
2022-06-24,67.05,69.73,136.78,-2.68,10.65,JTS,ICT,-316.1300000000001
2022-06-27,36.6,41.73,78.33,-5.13,11.23,JTS,ICT,-321.2600000000001
2022-06-28,77.46,45.95,123.41,31.51,21.86,JTS,ICT,-289.7500000000001
2022-06-29,60.37,51.94,112.31,8.43,16.03,JTS,ICT,-281.3200000000001
2022-06-30,19.33,29.43,48.76,-10.09,15.33,JTS,ICT,-291.4100000000001
2022-07-01,25.82,37.32,63.13,-11.5,15.59,JTS,ICT,-302.9100000000001
2022-07-04,75.7,51.38,127.08,24.31,21.95,JTS,ICT,-278.6000000000001
2022-07-05,16.56,41.13,57.69,-24.56,11.54,JTS,ICT,-303.1600000000001
2022-07-06,41.01,30.24,71.25,10.78,18.26,JTS,ICT,-292.3800000000001
2022-07-07,18.05,21.48,39.53,-3.42,18.91,JTS,ICT,-295.8000000000001
2022-07-08,32.63,37.39,70.03,-4.76,15.4,JTS,ICT,-300.5600000000001
2022-07-11,11.44,29.92,41.36,-18.48,15.12,JTS,ICT,-319.04000000000013
2022-07-12,25.97,20.08,46.05,5.89,17.02,JTS,ICT,-313.15000000000015
2022-07-14,11.48,19.96,31.44,-8.48,14.82,JTS,ICT,-321.63000000000017
2022-07-15,15.55,9.48,25.03,6.07,18.35,JTS,ICT,-315.5600000000002
2022-07-18,54.28,21.36,75.64,32.92,14.98,JTS,ICT,-282.64000000000016
2022-07-19,16.87,22.38,39.24,-5.51,11.91,JTS,ICT,-288.15000000000015
2022-07-20,12.74,13.14,25.88,-0.4,7.28,JTS,ICT,-288.5500000000001
2022-07-21,7.02,13.82,20.84,-6.8,10.35,JTS,ICT,-295.35000000000014
2022-07-22,3.64,13.43,17.07,-9.79,13.19,JTS,ICT,-305.14000000000016
2022-07-25,9.83,10.21,20.04,-0.39,7.3,JTS,ICT,-305.53000000000014
2022-07-26,55.28,34.86,90.13,20.42,8.4,JTS,ICT,-285.1100000000001
2022-07-27,18.27,19.32,37.59,-1.05,13.04,JTS,ICT,-286.16000000000014
2022-08-01,89.89,69.28,159.17,20.61,12.76,JTS,ICT,-265.5500000000001
2022-08-02,4.7,37.29,41.99,-32.58,15.82,JTS,ICT,-298.1300000000001
2022-08-03,16.83,9.89,26.72,6.94,13.32,JTS,ICT,-291.1900000000001
2022-08-04,22.03,23.88,45.91,-1.85,14.02,JTS,ICT,-293.04000000000013
2022-08-05,5.38,2.79,8.16,2.59,8.95,JTS,ICT,-290.45000000000016
2022-08-08,67.14,18.88,86.02,48.27,13.63,JTS,ICT,-242.18000000000015
2022-08-09,13.07,43.87,56.95,-30.8,12.63,JTS,ICT,-272.98000000000013
2022-08-10,9.41,25.3,34.7,-15.89,13.9,JTS,ICT,-288.8700000000001
2022-08-11,11.83,3.81,15.64,8.03,8.18,JTS,ICT,-280.84000000000015
2022-08-15,5.34,4.67,10.01,0.67,9.98,JTS,ICT,-280.17000000000013
2022-08-16,3.51,0.34,3.85,3.16,5.02,JTS,ICT,-277.0100000000001
2022-08-17,23.56,15.61,39.17,7.95,12.96,JTS,ICT,-269.0600000000001
2022-08-18,10.38,7.33,17.71,3.05,11.01,JTS,ICT,-266.0100000000001
2022-08-19,2.91,8.02,10.93,-5.1,7.93,JTS,ICT,-271.1100000000001
2022-08-22,2.83,1.27,4.09,1.56,4.05,JTS,ICT,-269.5500000000001
2022-08-23,38.28,16.24,54.52,22.05,13.88,JTS,ICT,-247.5000000000001
2022-08-24,1.86,7.66,9.52,-5.79,10.71,JTS,ICT,-253.2900000000001
2022-08-25,2.33,6.04,8.37,-3.72,17.37,JTS,ICT,-257.0100000000001
2022-08-26,1.7,12.05,13.75,-10.36,12.09,JTS,ICT,-267.3700000000001
2022-08-29,1.85,8.1,9.95,-6.25,11.03,JTS,ICT,-273.6200000000001
2022-08-30,2.16,9.93,12.09,-7.78,11.22,JTS,ICT,-281.4000000000001
2022-08-31,12.2,7.26,19.46,4.94,7.79,JTS,ICT,-276.4600000000001
2022-09-01,38.15,2.67,40.82,35.48,21.79,JTS,ICT,-240.9800000000001
2022-09-02,27.8,22.23,50.03,5.56,18.15,JTS,ICT,-235.4200000000001
2022-09-05,6.02,27.44,33.46,-21.42,14.92,JTS,ICT,-256.8400000000001
2022-09-06,101.65,86.38,188.04,15.27,16.89,JTS,ICT,-241.57000000000008
2022-09-07,13.18,40.85,54.02,-27.67,15.26,JTS,ICT,-269.24000000000007
2022-09-08,6.18,4.21,10.4,1.97,5.62,JTS,ICT,-267.27000000000004
2022-09-09,77.51,43.17,120.67,34.34,14.29,JTS,ICT,-232.93000000000004
2022-09-12,28.59,67.19,95.78,-38.6,15.49,JTS,ICT,-271.53000000000003
2022-09-13,6.54,9.19,15.74,-2.65,7.0,JTS,ICT,-274.18
2022-09-14,3.97,4.2,8.16,-0.23,5.13,JTS,ICT,-274.41
2022-09-15,11.18,3.89,15.08,7.29,7.78,JTS,ICT,-267.12
2022-09-16,23.55,6.21,29.76,17.34,14.29,JTS,ICT,-249.78
2022-09-19,3.2,11.22,14.42,-8.03,10.22,JTS,ICT,-257.81
2022-09-20,3.99,6.61,10.6,-2.61,15.02,JTS,ICT,-260.42
2022-09-21,3.56,12.44,16.0,-8.88,13.02,JTS,ICT,-269.3
2022-09-22,5.91,3.94,9.85,1.97,7.15,JTS,ICT,-267.33
2022-09-23,4.62,3.41,8.03,1.2,8.48,JTS,ICT,-266.13
2022-09-26,2.56,2.78,5.34,-0.22,6.66,JTS,ICT,-266.35
2022-09-27,4.51,6.13,10.65,-1.62,8.57,JTS,ICT,-267.97
2022-09-28,11.5,4.49,15.98,7.01,14.31,JTS,ICT,-260.96000000000004
2022-09-29,5.09,5.97,11.06,-0.88,14.39,JTS,ICT,-261.84000000000003
2022-09-30,10.57,9.89,20.46,0.68,19.69,JTS,ICT,-261.16
2022-10-03,23.28,2.54,25.82,20.73,20.65,JTS,ICT,-240.43000000000004
2022-10-04,13.57,36.05,49.62,-22.47,16.26,JTS,ICT,-262.90000000000003
2022-10-05,9.63,11.55,21.18,-1.92,14.78,JTS,ICT,-264.82000000000005
2022-10-06,25.39,3.07,28.46,22.32,24.35,JTS,ICT,-242.50000000000006
2022-10-07,25.7,47.13,72.83,-21.43,22.35,JTS,ICT,-263.93000000000006
2022-10-10,10.47,3.85,14.32,6.63,16.43,JTS,ICT,-257.30000000000007
2022-10-11,9.66,8.99,18.65,0.68,10.5,JTS,ICT,-256.62000000000006
2022-10-12,24.3,6.29,30.6,18.01,17.51,JTS,ICT,-238.61000000000007
2022-10-17,36.5,10.95,47.44,25.55,21.21,JTS,ICT,-213.06000000000006
2022-10-18,62.05,71.98,134.03,-9.94,12.69,JTS,ICT,-223.00000000000006
2022-10-19,16.85,30.21,47.06,-13.36,14.12,JTS,ICT,-236.36000000000007
2022-10-20,6.8,32.02,38.82,-25.23,16.42,JTS,ICT,-261.5900000000001
2022-10-21,4.42,9.18,13.6,-4.76,15.78,JTS,ICT,-266.3500000000001
2022-10-25,9.74,8.67,18.41,1.07,10.03,JTS,ICT,-265.2800000000001
2022-10-26,4.34,8.32,12.66,-3.97,8.21,JTS,ICT,-269.2500000000001
2022-10-27,4.89,4.12,9.01,0.76,7.71,JTS,ICT,-268.4900000000001
2022-10-28,1.31,4.08,5.4,-2.77,6.87,JTS,ICT,-271.2600000000001
2022-10-31,2.19,4.2,6.4,-2.01,6.48,JTS,ICT,-273.2700000000001
2022-11-01,11.68,3.47,15.14,8.21,14.9,JTS,ICT,-265.0600000000001
2022-11-02,31.48,11.08,42.56,20.4,27.23,JTS,ICT,-244.6600000000001
2022-11-03,9.43,9.69,19.12,-0.26,20.03,JTS,ICT,-244.9200000000001
2022-11-04,13.11,12.86,25.97,0.24,22.98,JTS,ICT,-244.6800000000001
2022-11-07,3.24,3.59,6.83,-0.35,11.47,JTS,ICT,-245.0300000000001
2022-11-08,92.27,72.04,164.31,20.23,13.42,JTS,ICT,-224.8000000000001
2022-11-09,23.12,39.93,63.05,-16.81,16.22,JTS,ICT,-241.6100000000001
2022-11-10,10.22,17.36,27.58,-7.13,13.68,JTS,ICT,-248.7400000000001
2022-11-11,8.11,11.72,19.83,-3.61,15.2,JTS,ICT,-252.3500000000001
2022-11-14,5.69,5.75,11.44,-0.06,12.24,JTS,ICT,-252.4100000000001
2022-11-15,14.72,18.91,33.63,-4.19,20.1,JTS,ICT,-256.60000000000014
2022-11-16,13.19,12.73,25.92,0.46,27.66,JTS,ICT,-256.14000000000016
2022-11-17,3.52,4.11,7.62,-0.59,11.39,JTS,ICT,-256.73000000000013
2022-11-18,2.2,2.34,4.54,-0.14,5.42,JTS,ICT,-256.8700000000001
2022-11-21,37.07,18.34,55.41,18.72,17.38,JTS,ICT,-238.15000000000012
2022-11-22,22.66,8.03,30.69,14.63,20.71,JTS,ICT,-223.52000000000012
2022-11-23,9.59,7.71,17.31,1.88,21.71,JTS,ICT,-221.64000000000013
2022-11-24,5.56,3.71,9.27,1.85,15.64,JTS,ICT,-219.79000000000013
2022-11-25,72.21,30.37,102.57,41.84,19.53,JTS,ICT,-177.95000000000013
2022-11-28,17.37,80.07,97.45,-62.7,20.02,JTS,ICT,-240.65000000000015
2022-11-29,7.2,11.03,18.23,-3.83,13.16,JTS,ICT,-244.48000000000016
2022-11-30,9.96,12.63,22.59,-2.67,17.7,JTS,ICT,-247.15000000000015
2022-12-01,3.83,4.82,8.66,-0.99,10.18,JTS,ICT,-248.14000000000016
2022-12-02,4.11,7.29,11.4,-3.18,13.65,JTS,ICT,-251.32000000000016
2022-12-06,2.11,6.05,8.16,-3.94,18.06,JTS,ICT,-255.26000000000016
2022-12-07,3.38,5.92,9.3,-2.54,20.36,JTS,ICT,-257.8000000000002
2022-12-08,0.41,1.26,1.67,-0.85,6.55,JTS,ICT,-258.6500000000002
2022-12-09,8.6,9.21,17.81,-0.61,17.17,JTS,ICT,-259.2600000000002
2022-12-13,2.6,4.35,6.95,-1.75,11.33,JTS,ICT,-261.0100000000002
2022-12-14,1.75,6.84,8.59,-5.09,25.54,JTS,ICT,-266.1000000000002
2022-12-15,1.41,2.81,4.22,-1.39,13.9,JTS,ICT,-267.4900000000002
2022-12-16,3.25,8.12,11.37,-4.87,16.07,JTS,ICT,-272.3600000000002
2022-12-19,47.81,25.77,73.58,22.04,17.14,JTS,ICT,-250.3200000000002
2022-12-20,15.96,34.07,50.03,-18.1,10.03,JTS,ICT,-268.4200000000002
2022-12-21,99.31,76.8,176.11,22.52,13.16,JTS,ICT,-245.90000000000018
2022-12-22,19.66,35.9,55.56,-16.24,14.0,JTS,ICT,-262.14000000000016
2022-12-23,34.49,32.55,67.04,1.93,11.22,JTS,ICT,-260.21000000000015
2022-12-26,5.33,6.04,11.37,-0.72,8.56,JTS,ICT,-260.9300000000002
2022-12-27,4.51,8.9,13.41,-4.4,11.35,JTS,ICT,-265.33000000000015
2022-12-28,4.41,2.77,7.18,1.64,9.57,JTS,ICT,-263.69000000000017
2022-12-29,16.33,7.0,23.33,9.33,9.74,JTS,ICT,-254.36000000000016
2022-12-30,8.28,4.77,13.05,3.51,14.3,JTS,ICT,-250.85000000000016
2023-01-03,17.46,6.46,23.92,11.0,8.81,JTS,ICT,-239.85000000000016
2023-01-04,12.87,7.6,20.47,5.27,11.74,JTS,ICT,-234.58000000000015
2023-01-05,2.01,10.26,12.27,-8.25,12.98,JTS,ICT,-242.83000000000015
2023-01-06,4.85,4.21,9.06,0.64,9.97,JTS,ICT,-242.19000000000017
2023-01-09,9.42,3.17,12.59,6.26,9.1,JTS,ICT,-235.93000000000018
2023-01-10,2.69,8.62,11.31,-5.94,9.77,JTS,ICT,-241.87000000000018
2023-01-11,30.29,16.23,46.52,14.06,10.16,JTS,ICT,-227.81000000000017
2023-01-12,6.21,25.82,32.03,-19.61,13.73,JTS,ICT,-247.4200000000002
2023-01-13,9.54,10.8,20.34,-1.26,11.74,JTS,ICT,-248.68000000000018
2023-01-16,22.48,25.55,48.03,-3.06,12.31,JTS,ICT,-251.74000000000018
2023-01-17,4.8,12.55,17.35,-7.74,10.07,JTS,ICT,-259.4800000000002
2023-01-18,3.9,3.48,7.38,0.41,6.82,JTS,ICT,-259.07000000000016
2023-01-19,3.22,5.07,8.29,-1.85,6.53,JTS,ICT,-260.9200000000002
2023-01-20,1.61,2.72,4.33,-1.11,4.02,JTS,ICT,-262.0300000000002
2023-01-23,4.75,3.36,8.11,1.4,7.08,JTS,ICT,-260.6300000000002
2023-01-24,2.59,3.71,6.3,-1.12,6.36,JTS,ICT,-261.7500000000002
2023-01-25,2.2,4.55,6.75,-2.36,6.5,JTS,ICT,-264.11000000000024
2023-01-26,4.51,2.71,7.22,1.8,5.42,JTS,ICT,-262.31000000000023
2023-01-27,2.18,4.6,6.78,-2.42,10.58,JTS,ICT,-264.73000000000025
2023-01-30,1.22,1.08,2.31,0.14,3.07,JTS,ICT,-264.59000000000026
2023-01-31,1.82,1.21,3.03,0.61,3.99,JTS,ICT,-263.98000000000025
2023-02-01,2.25,1.65,3.89,0.6,3.51,JTS,ICT,-263.3800000000002
2023-02-02,13.51,23.57,37.08,-10.06,6.8,JTS,ICT,-273.4400000000002
2023-02-03,3.02,3.29,6.32,-0.27,3.93,JTS,ICT,-273.7100000000002
2023-02-06,8.34,7.99,16.32,0.35,6.41,JTS,ICT,-273.3600000000002
2023-02-07,5.23,3.58,8.81,1.65,7.41,JTS,ICT,-271.7100000000002
2023-02-08,4.21,3.56,7.77,0.66,5.3,JTS,ICT,-271.0500000000002
2023-02-09,9.14,3.94,13.08,5.2,11.39,JTS,ICT,-265.8500000000002
2023-02-10,2.39,3.15,5.53,-0.76,9.29,JTS,ICT,-266.6100000000002
2023-02-13,4.83,4.62,9.45,0.21,8.7,JTS,ICT,-266.4000000000002
2023-02-14,1.15,1.9,3.05,-0.74,4.96,JTS,ICT,-267.1400000000002
2023-02-15,2.93,1.82,4.75,1.11,7.0,JTS,ICT,-266.0300000000002
2023-02-16,2.05,1.89,3.94,0.16,5.77,JTS,ICT,-265.8700000000002
2023-02-17,1.88,1.88,3.76,0.01,7.67,JTS,ICT,-265.8600000000002
2023-02-20,12.96,6.77,19.73,6.2,16.18,JTS,ICT,-259.6600000000002
2023-02-21,4.2,7.3,11.5,-3.11,13.85,JTS,ICT,-262.7700000000002
2023-02-22,3.28,8.02,11.31,-4.74,11.59,JTS,ICT,-267.5100000000002
2023-02-23,4.88,5.35,10.23,-0.46,6.39,JTS,ICT,-267.9700000000002
2023-02-24,7.38,4.49,11.87,2.89,13.21,JTS,ICT,-265.0800000000002
2023-02-27,1.12,1.75,2.87,-0.63,7.79,JTS,ICT,-265.7100000000002
2023-02-28,41.09,14.07,55.16,27.02,26.62,JTS,ICT,-238.6900000000002
2023-03-01,8.89,12.58,21.47,-3.69,15.75,JTS,ICT,-242.3800000000002
2023-03-02,3.43,9.91,13.35,-6.48,21.8,JTS,ICT,-248.86000000000018
2023-03-03,1.98,2.9,4.88,-0.92,13.78,JTS,ICT,-249.78000000000017
2023-03-07,5.03,2.09,7.12,2.94,21.72,JTS,ICT,-246.84000000000017
2023-03-08,0.41,2.28,2.69,-1.86,13.34,JTS,ICT,-248.7000000000002
2023-03-09,0.67,1.42,2.09,-0.75,12.95,JTS,ICT,-249.4500000000002
2023-03-10,38.67,1.85,40.52,36.82,41.79,JTS,ICT,-212.6300000000002
2023-03-13,0.79,8.91,9.69,-8.12,21.46,JTS,ICT,-220.7500000000002
2023-03-14,2.58,10.83,13.41,-8.25,14.71,JTS,ICT,-229.0000000000002
2023-03-15,0.58,5.62,6.2,-5.04,16.92,JTS,ICT,-234.0400000000002
2023-03-16,2.55,11.13,13.69,-8.58,21.02,JTS,ICT,-242.6200000000002
2023-03-17,1.47,8.23,9.7,-6.75,23.84,JTS,ICT,-249.3700000000002
2023-03-20,29.15,19.35,48.5,9.8,16.99,JTS,ICT,-239.5700000000002
2023-03-21,17.39,25.67,43.05,-8.28,15.43,JTS,ICT,-247.8500000000002
2023-03-22,17.88,17.57,35.45,0.31,16.03,JTS,ICT,-247.5400000000002
2023-03-23,3.65,7.26,10.91,-3.61,14.01,JTS,ICT,-251.1500000000002
2023-03-24,8.26,9.23,17.49,-0.97,14.59,JTS,ICT,-252.1200000000002
2023-03-27,0.35,1.68,2.04,-1.33,9.25,JTS,ICT,-253.45000000000022
2023-03-28,1.59,4.96,6.54,-3.37,13.55,JTS,ICT,-256.8200000000002
2023-03-29,4.88,6.03,10.91,-1.15,10.61,JTS,ICT,-257.9700000000002
2023-03-30,4.08,6.88,10.96,-2.8,12.23,JTS,ICT,-260.7700000000002
2023-03-31,0.76,4.98,5.74,-4.22,9.67,JTS,ICT,-264.99000000000024
2023-04-03,1.77,3.93,5.7,-2.16,7.74,JTS,ICT,-267.15000000000026
2023-04-04,2.13,4.43,6.56,-2.3,6.17,JTS,ICT,-269.4500000000003
2023-04-05,7.39,4.16,11.54,3.23,6.86,JTS,ICT,-266.22000000000025
2023-04-07,2.08,0.94,3.03,1.14,2.54,JTS,ICT,-265.08000000000027
2023-04-10,4.65,2.99,7.63,1.66,5.24,JTS,ICT,-263.42000000000024
2023-04-11,4.59,4.13,8.72,0.46,2.6,JTS,ICT,-262.96000000000026
2023-04-12,5.42,3.44,8.86,1.98,4.63,JTS,ICT,-260.98000000000025
2023-04-17,2.62,2.37,4.99,0.25,6.82,JTS,ICT,-260.73000000000025
2023-04-18,1.35,0.66,2.01,0.69,3.59,JTS,ICT,-260.04000000000025
2023-04-19,2.52,0.86,3.39,1.66,5.48,JTS,ICT,-258.3800000000002
2023-04-20,2.44,3.23,5.67,-0.8,5.18,JTS,ICT,-259.18000000000023
2023-04-21,2.93,2.8,5.73,0.14,4.94,JTS,ICT,-259.04000000000025
2023-04-24,0.78,0.87,1.65,-0.09,4.28,JTS,ICT,-259.1300000000002
2023-04-25,0.89,1.71,2.6,-0.83,4.26,JTS,ICT,-259.9600000000002
2023-04-26,4.15,1.37,5.52,2.78,7.3,JTS,ICT,-257.18000000000023
2023-04-27,0.52,2.47,2.99,-1.95,7.7,JTS,ICT,-259.1300000000002
2023-04-28,0.59,0.61,1.2,-0.01,4.51,JTS,ICT,-259.1400000000002
2023-05-02,0.52,1.08,1.6,-0.56,5.82,JTS,ICT,-259.7000000000002
2023-05-03,2.09,2.01,4.09,0.08,10.56,JTS,ICT,-259.62000000000023
2023-05-08,2.67,0.71,3.38,1.97,7.06,JTS,ICT,-257.6500000000002
2023-05-09,2.69,12.26,14.96,-9.57,19.36,JTS,ICT,-267.2200000000002
2023-05-10,3.14,1.87,5.01,1.27,14.64,JTS,ICT,-265.9500000000002
2023-05-11,6.67,1.2,7.87,5.47,20.03,JTS,ICT,-260.4800000000002
2023-05-12,0.63,3.22,3.85,-2.6,8.94,JTS,ICT,-263.0800000000002
2023-05-15,0.21,0.25,0.46,-0.03,2.19,JTS,ICT,-263.1100000000002
2023-05-16,0.1,0.68,0.79,-0.58,6.99,JTS,ICT,-263.69000000000017
2023-05-17,0.0,0.96,0.97,-0.96,7.57,JTS,ICT,-264.65000000000015
2023-05-18,0.21,0.97,1.18,-0.76,9.29,JTS,ICT,-265.41000000000014
2023-05-19,5.62,2.52,8.13,3.1,18.79,JTS,ICT,-262.3100000000001
2023-05-22,1.01,1.02,2.03,-0.0,3.71,JTS,ICT,-262.3100000000001
2023-05-23,0.74,1.4,2.14,-0.65,5.55,JTS,ICT,-262.9600000000001
2023-05-24,1.44,1.68,3.12,-0.23,4.2,JTS,ICT,-263.1900000000001
2023-05-25,2.99,1.08,4.07,1.91,9.35,JTS,ICT,-261.2800000000001
2023-05-26,0.43,0.13,0.56,0.3,3.03,JTS,ICT,-260.9800000000001
2023-05-29,2.27,1.15,3.42,1.12,9.09,JTS,ICT,-259.86000000000007
2023-05-30,0.91,1.31,2.22,-0.4,6.43,JTS,ICT,-260.26000000000005
2023-05-31,3.26,0.29,3.55,2.97,2.47,JTS,ICT,-257.29
2023-06-01,0.15,3.25,3.4,-3.1,9.3,JTS,ICT,-260.39000000000004
2023-06-02,0.71,1.03,1.73,-0.32,6.08,JTS,ICT,-260.71000000000004
2023-06-06,0.89,1.33,2.23,-0.44,7.02,JTS,ICT,-261.15000000000003
2023-06-07,12.69,2.69,15.38,10.0,8.05,JTS,ICT,-251.15000000000003
2023-06-08,7.11,4.59,11.7,2.52,16.75,JTS,ICT,-248.63000000000002
2023-06-09,9.15,2.65,11.8,6.51,12.82,JTS,ICT,-242.12000000000003
2023-06-12,0.59,3.81,4.4,-3.22,8.02,JTS,ICT,-245.34000000000003
2023-06-13,0.51,3.73,4.24,-3.22,7.92,JTS,ICT,-248.56000000000003
2023-06-14,3.88,2.65,6.53,1.23,11.28,JTS,ICT,-247.33000000000004
2023-06-15,2.84,4.05,6.89,-1.22,13.07,JTS,ICT,-248.55000000000004
2023-06-16,0.55,1.18,1.73,-0.63,6.2,JTS,ICT,-249.18000000000004
2023-06-19,0.96,0.79,1.75,0.16,5.75,JTS,ICT,-249.02000000000004
2023-06-20,2.83,0.33,3.16,2.49,12.1,JTS,ICT,-246.53000000000003
2023-06-21,19.5,8.11,27.61,11.39,11.52,JTS,ICT,-235.14000000000004
2023-06-22,1.18,9.51,10.68,-8.33,7.79,JTS,ICT,-243.47000000000006
2023-06-23,2.71,0.63,3.33,2.08,8.47,JTS,ICT,-241.39000000000004
2023-06-26,0.35,2.32,2.67,-1.97,6.58,JTS,ICT,-243.36000000000004
2023-06-27,0.1,0.93,1.03,-0.84,4.15,JTS,ICT,-244.20000000000005
2023-06-28,1.63,0.99,2.63,0.64,8.32,JTS,ICT,-243.56000000000006
2023-06-29,0.54,0.78,1.31,-0.24,6.5,JTS,ICT,-243.80000000000007
2023-06-30,9.29,0.79,10.09,8.5,15.1,JTS,ICT,-235.30000000000007
2023-07-03,4.42,2.28,6.69,2.14,12.06,JTS,ICT,-233.16000000000008
2023-07-04,2.95,0.88,3.83,2.07,11.17,JTS,ICT,-231.0900000000001
2023-07-05,0.55,4.17,4.72,-3.62,12.21,JTS,ICT,-234.7100000000001
2023-07-06,1.87,3.79,5.65,-1.92,7.64,JTS,ICT,-236.63000000000008
2023-07-07,0.68,5.97,6.65,-5.29,13.18,JTS,ICT,-241.92000000000007
2023-07-10,1.17,6.75,7.92,-5.58,23.38,JTS,ICT,-247.50000000000009
2023-07-11,0.49,1.85,2.34,-1.35,12.86,JTS,ICT,-248.85000000000008
2023-07-12,0.08,1.91,1.99,-1.84,5.99,JTS,ICT,-250.69000000000008
2023-07-13,0.0,0.11,0.11,-0.11,4.36,JTS,ICT,-250.8000000000001
2023-07-14,5.34,0.57,5.91,4.76,10.61,JTS,ICT,-246.0400000000001
2023-07-17,4.31,1.29,5.6,3.02,15.06,JTS,ICT,-243.0200000000001
2023-07-18,0.53,2.04,2.58,-1.51,12.74,JTS,ICT,-244.5300000000001
2023-07-19,0.47,1.73,2.19,-1.26,12.34,JTS,ICT,-245.79000000000008
2023-07-20,0.02,2.23,2.25,-2.22,10.11,JTS,ICT,-248.01000000000008
2023-07-21,6.75,8.07,14.83,-1.32,5.72,JTS,ICT,-249.33000000000007
2023-07-24,1.95,1.32,3.27,0.63,5.7,JTS,ICT,-248.70000000000007
2023-07-25,10.22,2.47,12.68,7.75,16.62,JTS,ICT,-240.95000000000007
2023-07-26,0.73,0.93,1.66,-0.2,16.81,JTS,ICT,-241.15000000000006
2023-07-27,9.66,1.3,10.96,8.35,22.16,JTS,ICT,-232.80000000000007
2023-07-31,2.31,0.43,2.74,1.87,14.75,JTS,ICT,-230.93000000000006
2023-08-02,3.58,2.31,5.89,1.27,20.79,JTS,ICT,-229.66000000000005
2023-08-03,0.88,1.74,2.62,-0.86,14.13,JTS,ICT,-230.52000000000007
2023-08-04,0.04,0.57,0.6,-0.53,14.53,JTS,ICT,-231.05000000000007
2023-08-07,1.57,2.19,3.75,-0.62,15.4,JTS,ICT,-231.67000000000007
2023-08-08,0.44,0.28,0.72,0.15,15.54,JTS,ICT,-231.52000000000007
2023-08-09,0.57,2.92,3.49,-2.35,16.29,JTS,ICT,-233.87000000000006
2023-08-10,0.54,1.1,1.64,-0.57,15.66,JTS,ICT,-234.44000000000005
2023-08-11,2.43,1.73,4.16,0.7,19.22,JTS,ICT,-233.74000000000007
2023-08-15,0.6,1.71,2.31,-1.11,19.52,JTS,ICT,-234.85000000000008
2023-08-16,0.06,0.82,0.88,-0.76,18.4,JTS,ICT,-235.61000000000007
2023-08-17,13.46,2.52,15.98,10.94,21.64,JTS,ICT,-224.67000000000007
2023-08-18,3.96,1.53,5.49,2.43,16.8,JTS,ICT,-222.24000000000007
2023-08-21,4.07,1.58,5.65,2.48,12.17,JTS,ICT,-219.76000000000008
2023-08-22,1.12,1.19,2.31,-0.07,10.71,JTS,ICT,-219.83000000000007
2023-08-23,1.45,2.99,4.44,-1.53,8.11,JTS,ICT,-221.36000000000007
2023-08-24,1.04,1.68,2.71,-0.64,10.24,JTS,ICT,-222.00000000000006
2023-08-25,1.28,1.5,2.78,-0.22,10.62,JTS,ICT,-222.22000000000006
2023-08-28,2.19,0.67,2.86,1.52,15.99,JTS,ICT,-220.70000000000005
2023-08-29,2.57,0.43,3.01,2.14,18.42,JTS,ICT,-218.56000000000006
2023-08-30,1.87,0.41,2.28,1.46,7.33,JTS,ICT,-217.10000000000005
2023-08-31,22.86,17.01,39.87,5.85,8.32,JTS,ICT,-211.25000000000006
2023-09-01,12.03,26.28,38.31,-14.25,14.57,JTS,ICT,-225.50000000000006
2023-09-04,5.87,4.97,10.84,0.89,12.14,JTS,ICT,-224.61000000000007
2023-09-05,2.09,2.08,4.17,0.01,11.62,JTS,ICT,-224.60000000000008
2023-09-06,1.99,5.96,7.94,-3.97,13.18,JTS,ICT,-228.57000000000008
2023-09-07,0.97,0.64,1.6,0.33,11.92,JTS,ICT,-228.24000000000007
2023-09-08,0.15,1.78,1.92,-1.63,10.53,JTS,ICT,-229.87000000000006
2023-09-11,1.54,1.69,3.23,-0.15,13.48,JTS,ICT,-230.02000000000007
2023-09-12,1.16,1.46,2.61,-0.3,5.9,JTS,ICT,-230.32000000000008
2023-09-13,2.2,1.5,3.7,0.7,11.87,JTS,ICT,-229.6200000000001
2023-09-14,2.84,0.63,3.47,2.22,11.72,JTS,ICT,-227.4000000000001
2023-09-15,3.25,16.05,19.31,-12.8,21.66,JTS,ICT,-240.2000000000001
2023-09-18,0.23,3.2,3.43,-2.97,12.87,JTS,ICT,-243.1700000000001
2023-09-19,0.53,0.37,0.9,0.17,4.43,JTS,ICT,-243.0000000000001
2023-09-20,0.83,0.74,1.56,0.09,9.72,JTS,ICT,-242.9100000000001
2023-09-21,0.17,0.36,0.53,-0.19,5.0,JTS,ICT,-243.1000000000001
2023-09-22,0.38,0.48,0.86,-0.09,7.01,JTS,ICT,-243.1900000000001
2023-09-25,0.05,0.22,0.27,-0.17,2.83,JTS,ICT,-243.3600000000001
2023-09-26,0.07,1.02,1.09,-0.95,9.37,JTS,ICT,-244.3100000000001
2023-09-27,0.11,0.13,0.25,-0.02,3.04,JTS,ICT,-244.3300000000001
2023-09-28,0.12,0.09,0.21,0.03,6.42,JTS,ICT,-244.3000000000001
2023-09-29,0.51,1.63,2.14,-1.13,11.48,JTS,ICT,-245.4300000000001
2023-10-02,0.18,0.41,0.59,-0.23,3.01,JTS,ICT,-245.66000000000008
2023-10-03,0.0,0.4,0.4,-0.4,3.7,JTS,ICT,-246.0600000000001
2023-10-04,0.81,0.4,1.21,0.4,10.34,JTS,ICT,-245.66000000000008
2023-10-05,0.01,0.09,0.1,-0.08,1.64,JTS,ICT,-245.7400000000001
2023-10-06,0.55,0.51,1.05,0.04,11.14,JTS,ICT,-245.7000000000001
2023-10-09,0.27,1.15,1.41,-0.88,7.93,JTS,ICT,-246.5800000000001
2023-10-10,0.1,1.09,1.18,-0.99,5.19,JTS,ICT,-247.5700000000001
2023-10-11,1.26,1.11,2.37,0.15,7.61,JTS,ICT,-247.4200000000001
2023-10-12,1.65,1.03,2.68,0.62,10.19,JTS,ICT,-246.8000000000001
2023-10-16,4.68,1.42,6.1,3.26,18.65,JTS,ICT,-243.5400000000001
2023-10-17,0.0,0.84,0.84,-0.84,4.94,JTS,ICT,-244.3800000000001
2023-10-18,0.56,0.6,1.16,-0.05,5.14,JTS,ICT,-244.43000000000012
2023-10-19,0.31,0.57,0.87,-0.26,8.44,JTS,ICT,-244.6900000000001
2023-10-20,0.4,0.28,0.68,0.12,3.37,JTS,ICT,-244.5700000000001
2023-10-24,2.19,3.43,5.61,-1.24,6.67,JTS,ICT,-245.81000000000012
2023-10-25,1.47,1.13,2.6,0.33,5.61,JTS,ICT,-245.4800000000001
2023-10-26,0.07,1.88,1.95,-1.81,8.19,JTS,ICT,-247.2900000000001
2023-10-27,1.97,0.67,2.63,1.3,8.99,JTS,ICT,-245.9900000000001
2023-10-30,1.4,0.23,1.63,1.18,11.25,JTS,ICT,-244.8100000000001
2023-10-31,5.46,1.12,6.58,4.34,22.42,JTS,ICT,-240.47000000000008
2023-11-01,11.68,0.72,12.4,10.95,15.66,JTS,ICT,-229.5200000000001
2023-11-02,44.5,9.73,54.23,34.77,18.47,JTS,ICT,-194.75000000000009
2023-11-03,43.86,14.16,58.02,29.7,15.33,JTS,ICT,-165.0500000000001
2023-11-06,12.29,18.36,30.66,-6.07,12.64,JTS,ICT,-171.1200000000001
2023-11-07,17.33,5.97,23.29,11.36,10.3,JTS,ICT,-159.7600000000001
2023-11-08,13.35,10.0,23.35,3.35,8.65,JTS,ICT,-156.4100000000001
2023-11-09,9.87,22.69,32.56,-12.81,12.5,JTS,ICT,-169.2200000000001
2023-11-10,38.74,15.36,54.1,23.38,18.58,JTS,ICT,-145.84000000000012
2023-11-13,3.43,8.31,11.74,-4.87,7.49,JTS,ICT,-150.71000000000012
2023-11-14,10.17,8.86,19.03,1.31,24.03,JTS,ICT,-149.40000000000012
2023-11-15,42.79,11.18,53.97,31.6,16.71,JTS,ICT,-117.80000000000013
2023-11-16,79.35,112.43,191.78,-33.07,12.43,JTS,ICT,-150.87000000000012
2023-11-17,74.12,22.66,96.77,51.46,17.77,JTS,ICT,-99.41000000000011
2023-11-20,31.84,97.07,128.92,-65.23,27.56,JTS,ICT,-164.6400000000001
2023-11-21,59.41,29.52,88.94,29.89,18.32,JTS,ICT,-134.7500000000001
2023-11-22,19.9,24.38,44.28,-4.47,15.4,JTS,ICT,-139.2200000000001
2023-11-23,68.78,31.15,99.93,37.63,14.34,JTS,ICT,-101.59000000000012
2023-11-24,32.77,44.34,77.11,-11.57,18.59,JTS,ICT,-113.16000000000011
2023-11-27,88.29,78.66,166.95,9.63,17.79,JTS,ICT,-103.53000000000011
2023-11-28,48.59,13.79,62.38,34.8,16.7,JTS,ICT,-68.73000000000012
2023-11-29,53.94,43.15,97.08,10.79,20.67,JTS,ICT,-57.94000000000012
2023-11-30,36.48,54.4,90.88,-17.93,13.96,JTS,ICT,-75.87000000000012
2023-12-01,95.18,22.89,118.07,72.29,15.07,JTS,ICT,-3.580000000000112
2023-12-04,42.2,158.18,200.38,-115.99,15.93,JTS,ICT,-119.5700000000001
2023-12-06,22.94,20.43,43.37,2.5,6.68,JTS,ICT,-117.0700000000001
2023-12-07,53.56,39.72,93.28,13.83,12.9,JTS,ICT,-103.24000000000011
2023-12-08,38.43,22.6,61.03,15.83,12.07,JTS,ICT,-87.41000000000011
2023-12-12,24.53,27.99,52.51,-3.46,11.93,JTS,ICT,-90.8700000000001
2023-12-13,15.87,22.22,38.09,-6.36,8.29,JTS,ICT,-97.2300000000001
2023-12-14,219.11,31.74,250.85,187.37,18.97,JTS,ICT,90.1399999999999
2023-12-15,122.56,101.76,224.32,20.79,16.68,JTS,ICT,110.9299999999999
2023-12-18,26.14,95.18,121.32,-69.04,18.5,JTS,ICT,41.88999999999989
2023-12-19,16.4,66.47,82.87,-50.07,16.09,JTS,ICT,-8.180000000000113
2023-12-20,29.79,43.62,73.41,-13.83,15.12,JTS,ICT,-22.01000000000011
2023-12-21,8.01,39.83,47.84,-31.81,12.15,JTS,ICT,-53.82000000000011
2023-12-22,40.83,48.97,89.8,-8.15,13.77,JTS,ICT,-61.970000000000105
2023-12-25,29.71,26.92,56.63,2.8,10.58,JTS,ICT,-59.17000000000011
2023-12-26,110.85,37.04,147.88,73.81,15.21,JTS,ICT,14.639999999999894
2023-12-27,68.81,62.7,131.51,6.11,16.54,JTS,ICT,20.749999999999893
2023-12-28,145.86,128.54,274.4,17.32,17.61,JTS,ICT,38.069999999999894
2024-01-02,72.13,85.79,157.92,-13.65,22.06,JTS,ICT,24.419999999999895
2024-01-03,48.11,65.12,113.23,-17.01,22.91,JTS,ICT,7.409999999999894
2024-01-04,46.52,58.38,104.9,-11.86,18.29,JTS,ICT,-4.450000000000106
2024-01-05,65.36,62.87,128.22,2.49,19.77,JTS,ICT,-1.9600000000001057
2024-01-08,68.15,39.9,108.05,28.25,20.19,JTS,ICT,26.289999999999893
2024-01-09,122.41,55.0,177.41,67.41,21.63,JTS,ICT,93.69999999999989
2024-01-10,68.26,160.7,228.96,-92.44,24.1,JTS,ICT,1.2599999999998914
2024-01-11,59.84,54.9,114.74,4.94,18.88,JTS,ICT,6.199999999999892
2024-01-12,30.06,29.18,59.23,0.88,17.68,JTS,ICT,7.079999999999892
2024-01-15,30.2,25.53,55.73,4.67,16.82,JTS,ICT,11.749999999999892
2024-01-16,37.92,17.87,55.8,20.05,15.02,JTS,ICT,31.79999999999989
2024-01-17,41.08,45.65,86.73,-4.57,12.02,JTS,ICT,27.22999999999989
2024-01-18,93.74,56.45,150.18,37.29,20.27,JTS,ICT,64.5199999999999
2024-01-19,41.49,55.37,96.86,-13.88,20.57,JTS,ICT,50.639999999999894
2024-01-22,20.9,28.68,49.58,-7.77,17.01,JTS,ICT,42.86999999999989
2024-01-23,34.01,13.26,47.26,20.75,21.77,JTS,ICT,63.61999999999989
2024-01-24,45.57,9.28,54.85,36.29,19.27,JTS,ICT,99.90999999999988
2024-01-25,12.5,71.48,83.98,-58.98,22.7,JTS,ICT,40.929999999999886
2024-01-26,27.06,18.64,45.7,8.41,23.48,JTS,ICT,49.33999999999989
2024-01-29,52.05,21.98,74.03,30.08,19.26,JTS,ICT,79.41999999999989
2024-01-30,21.82,49.27,71.09,-27.46,20.7,JTS,ICT,51.95999999999989
2024-01-31,12.33,43.79,56.12,-31.46,18.89,JTS,ICT,20.499999999999886
2024-02-01,28.05,21.94,49.99,6.11,11.64,JTS,ICT,26.609999999999886
2024-02-02,21.08,19.22,40.29,1.86,14.48,JTS,ICT,28.469999999999885
2024-02-05,17.96,29.67,47.63,-11.71,13.25,JTS,ICT,16.759999999999884
2024-02-06,37.99,20.46,58.46,17.53,18.07,JTS,ICT,34.289999999999885
2024-02-07,21.08,48.47,69.55,-27.38,16.98,JTS,ICT,6.9099999999998865
2024-02-08,25.14,27.31,52.45,-2.17,18.18,JTS,ICT,4.7399999999998865
2024-02-09,186.52,66.17,252.69,120.35,22.57,JTS,ICT,125.08999999999988
2024-02-12,105.28,138.82,244.1,-33.53,18.13,JTS,ICT,91.55999999999987
2024-02-13,125.11,64.61,189.72,60.49,16.93,JTS,ICT,152.04999999999987
2024-02-14,59.4,105.37,164.77,-45.96,15.14,JTS,ICT,106.08999999999986
2024-02-15,58.31,130.26,188.56,-71.95,18.13,JTS,ICT,34.13999999999986
2024-02-16,70.93,87.67,158.6,-16.74,15.87,JTS,ICT,17.39999999999986
2024-02-19,67.09,32.34,99.44,34.75,17.71,JTS,ICT,52.149999999999864
2024-02-20,22.76,56.06,78.82,-33.3,17.53,JTS,ICT,18.849999999999866
2024-02-21,48.33,75.72,124.05,-27.4,15.72,JTS,ICT,-8.550000000000132
2024-02-22,58.53,42.23,100.76,16.29,14.52,JTS,ICT,7.739999999999867
2024-02-23,40.08,29.81,69.89,10.27,12.07,JTS,ICT,18.009999999999867
2024-02-27,229.99,56.42,286.41,173.57,17.33,JTS,ICT,191.57999999999987
2024-02-28,88.28,72.51,160.79,15.77,18.96,JTS,ICT,207.34999999999988
2024-02-29,25.83,86.34,112.17,-60.5,19.35,JTS,ICT,146.84999999999988
2024-03-01,17.77,87.73,105.5,-69.97,22.57,JTS,ICT,76.87999999999988
2024-03-04,49.63,106.75,156.39,-57.12,25.82,JTS,ICT,19.759999999999884
2024-03-05,62.75,84.42,147.17,-21.67,24.2,JTS,ICT,-1.9100000000001174
2024-03-06,47.56,40.47,88.02,7.09,16.35,JTS,ICT,5.1799999999998825
2024-03-07,55.13,57.36,112.49,-2.23,21.4,JTS,ICT,2.9499999999998825
2024-03-08,34.37,45.25,79.62,-10.88,25.26,JTS,ICT,-7.930000000000119
2024-03-11,28.23,28.42,56.64,-0.19,14.96,JTS,ICT,-8.120000000000118
2024-03-12,17.1,23.32,40.42,-6.22,14.68,JTS,ICT,-14.340000000000117
2024-03-13,8.32,9.62,17.95,-1.3,15.32,JTS,ICT,-15.640000000000118
2024-03-14,9.96,16.64,26.6,-6.68,18.02,JTS,ICT,-22.320000000000118
2024-03-15,26.84,80.91,107.75,-54.07,22.71,JTS,ICT,-76.39000000000011
2024-03-18,59.6,50.77,110.37,8.83,17.82,JTS,ICT,-67.56000000000012
2024-03-19,42.73,46.88,89.61,-4.15,26.93,JTS,ICT,-71.71000000000012
2024-03-20,23.27,24.24,47.5,-0.97,16.09,JTS,ICT,-72.68000000000012
2024-03-21,33.78,22.44,56.22,11.34,17.72,JTS,ICT,-61.34000000000012
2024-03-22,19.31,27.8,47.11,-8.5,12.5,JTS,ICT,-69.84000000000012
2024-03-25,21.98,11.53,33.51,10.45,19.0,JTS,ICT,-59.390000000000114
2024-03-26,57.82,35.36,93.19,22.46,21.49,JTS,ICT,-36.93000000000011
2024-03-27,9.03,35.27,44.3,-26.23,21.42,JTS,ICT,-63.16000000000011
2024-03-28,4.26,19.79,24.05,-15.53,17.6,JTS,ICT,-78.69000000000011
2024-03-29,6.21,19.26,25.47,-13.05,22.76,JTS,ICT,-91.74000000000011
2024-04-01,10.81,13.43,24.25,-2.62,15.74,JTS,ICT,-94.36000000000011
2024-04-02,19.54,24.34,43.88,-4.8,14.93,JTS,ICT,-99.16000000000011
2024-04-03,19.95,9.34,29.29,10.61,15.68,JTS,ICT,-88.55000000000011
2024-04-04,11.86,6.61,18.48,5.25,18.05,JTS,ICT,-83.30000000000011
2024-04-05,4.34,8.41,12.75,-4.07,22.12,JTS,ICT,-87.37000000000012
2024-04-09,51.86,9.37,61.24,42.49,22.72,JTS,ICT,-44.880000000000116
2024-04-10,5.46,10.09,15.55,-4.62,16.91,JTS,ICT,-49.500000000000114
2024-04-11,16.34,15.77,32.11,0.56,24.6,JTS,ICT,-48.94000000000011
2024-04-17,8.45,23.55,32.0,-15.1,26.49,JTS,ICT,-64.0400000000001
2024-04-18,6.52,9.0,15.52,-2.48,26.03,JTS,ICT,-66.52000000000011
2024-04-19,12.45,10.98,23.43,1.48,18.65,JTS,ICT,-65.0400000000001
2024-04-22,23.65,7.17,30.83,16.48,26.9,JTS,ICT,-48.5600000000001
2024-04-23,6.22,12.43,18.65,-6.22,16.9,JTS,ICT,-54.7800000000001
2024-04-24,10.83,3.27,14.09,7.56,15.53,JTS,ICT,-47.2200000000001
2024-04-25,4.69,3.56,8.25,1.13,27.35,JTS,ICT,-46.090000000000096
2024-04-26,4.26,6.15,10.41,-1.89,22.29,JTS,ICT,-47.980000000000096
2024-04-29,7.15,4.82,11.97,2.33,26.67,JTS,ICT,-45.6500000000001
2024-04-30,6.79,5.57,12.36,1.22,17.48,JTS,ICT,-44.4300000000001
2024-05-02,6.58,4.27,10.85,2.31,23.95,JTS,ICT,-42.1200000000001
2024-05-03,4.39,0.57,4.96,3.81,24.97,JTS,ICT,-38.310000000000095
2024-05-07,25.8,20.53,46.33,5.27,26.66,JTS,ICT,-33.04000000000009
2024-05-08,11.26,7.83,19.09,3.43,31.88,JTS,ICT,-29.610000000000092
2024-05-09,17.41,16.34,33.74,1.07,29.69,JTS,ICT,-28.54000000000009
2024-05-10,78.54,28.8,107.34,49.74,31.56,JTS,ICT,21.19999999999991
2024-05-13,30.77,28.05,58.82,2.72,23.81,JTS,ICT,23.91999999999991
2024-05-14,30.94,75.51,106.45,-44.57,13.96,JTS,ICT,-20.65000000000009
2024-05-15,73.64,34.03,107.67,39.61,23.46,JTS,ICT,18.95999999999991
2024-05-16,65.53,50.6,116.14,14.93,22.93,JTS,ICT,33.88999999999991
2024-05-17,28.59,32.6,61.2,-4.01,22.3,JTS,ICT,29.87999999999991
2024-05-20,19.74,11.24,30.98,8.5,21.61,JTS,ICT,38.37999999999991
2024-05-21,30.75,28.63,59.39,2.12,16.75,JTS,ICT,40.49999999999991
2024-05-23,15.42,18.18,33.6,-2.75,25.59,JTS,ICT,37.74999999999991
2024-05-24,17.58,21.96,39.54,-4.38,21.28,JTS,ICT,33.369999999999905
2024-05-27,29.47,13.54,43.01,15.93,23.72,JTS,ICT,49.299999999999905
2024-05-28,14.14,12.49,26.63,1.65,20.04,JTS,ICT,50.9499999999999
2024-05-29,13.51,10.16,23.66,3.35,19.81,JTS,ICT,54.299999999999905
2024-05-30,29.05,6.68,35.72,22.37,17.3,JTS,ICT,76.6699999999999
2024-05-31,277.75,215.45,493.2,62.3,61.55,JTS,ICT,138.9699999999999
2024-06-04,47.15,25.09,72.24,22.06,23.13,JTS,ICT,161.02999999999992
2024-06-05,15.11,5.87,20.98,9.24,14.17,JTS,ICT,170.26999999999992
2024-06-06,4.68,36.53,41.21,-31.85,21.61,JTS,ICT,138.41999999999993
2024-06-07,12.65,17.2,29.85,-4.55,22.56,JTS,ICT,133.86999999999992
2024-06-10,4.95,20.86,25.81,-15.91,12.57,JTS,ICT,117.95999999999992
2024-06-11,5.6,3.78,9.38,1.81,18.66,JTS,ICT,119.76999999999992
2024-06-12,11.21,4.66,15.88,6.55,14.06,JTS,ICT,126.31999999999992
2024-06-13,4.69,6.1,10.79,-1.42,9.88,JTS,ICT,124.89999999999992
2024-06-14,6.1,4.52,10.63,1.58,18.02,JTS,ICT,126.47999999999992
2024-06-17,21.08,5.79,26.87,15.29,17.66,JTS,ICT,141.76999999999992
2024-06-18,6.54,9.47,16.01,-2.94,15.78,JTS,ICT,138.82999999999993
2024-06-19,14.43,6.26,20.68,8.17,20.38,JTS,ICT,146.99999999999991
2024-06-20,3.99,15.33,19.31,-11.34,19.01,JTS,ICT,135.6599999999999
2024-06-21,7.06,13.89,20.95,-6.84,11.77,JTS,ICT,128.8199999999999
2024-06-24,15.17,6.61,21.78,8.56,21.96,JTS,ICT,137.3799999999999
2024-06-25,4.02,9.49,13.51,-5.47,18.15,JTS,ICT,131.9099999999999
2024-06-26,11.04,8.74,19.78,2.3,20.92,JTS,ICT,134.20999999999992
2024-06-27,4.05,12.17,16.22,-8.11,23.84,JTS,ICT,126.09999999999992
2024-06-28,4.44,6.8,11.24,-2.36,17.1,JTS,ICT,123.73999999999992
2024-07-01,6.12,2.03,8.16,4.09,17.34,JTS,ICT,127.82999999999993
2024-07-02,4.18,6.59,10.77,-2.41,18.08,JTS,ICT,125.41999999999993
2024-07-03,17.55,4.01,21.56,13.55,18.21,JTS,ICT,138.96999999999994
2024-07-04,10.83,7.58,18.41,3.25,20.93,JTS,ICT,142.21999999999994
2024-07-05,2.99,3.93,6.92,-0.94,12.65,JTS,ICT,141.27999999999994
2024-07-08,26.99,7.72,34.71,19.27,26.92,JTS,ICT,160.54999999999995
2024-07-09,6.73,7.45,14.19,-0.72,13.35,JTS,ICT,159.82999999999996
2024-07-10,7.93,8.38,16.31,-0.44,16.85,JTS,ICT,159.38999999999996
2024-07-11,19.72,11.57,31.28,8.15,17.63,JTS,ICT,167.53999999999996
2024-07-12,12.05,6.84,18.9,5.21,11.29,JTS,ICT,172.74999999999997
2024-07-15,11.79,9.14,20.93,2.66,16.51,JTS,ICT,175.40999999999997
2024-07-16,18.06,8.71,26.77,9.35,15.21,JTS,ICT,184.75999999999996
2024-07-17,4.35,6.7,11.05,-2.35,15.92,JTS,ICT,182.40999999999997
2024-07-18,3.02,6.12,9.14,-3.1,15.08,JTS,ICT,179.30999999999997
2024-07-19,9.46,3.78,13.23,5.68,17.77,JTS,ICT,184.98999999999998
2024-07-23,5.94,8.23,14.17,-2.29,13.03,JTS,ICT,182.7
2024-07-24,9.83,3.23,13.06,6.61,20.86,JTS,ICT,189.31
2024-07-25,4.97,3.85,8.82,1.12,11.57,JTS,ICT,190.43
2024-07-26,14.66,4.87,19.53,9.79,18.5,JTS,ICT,200.22
2024-07-30,0.1,5.07,5.17,-4.97,10.62,JTS,ICT,195.25
2024-07-31,1.36,4.69,6.05,-3.32,14.74,JTS,ICT,191.93
2024-08-01,1.45,7.34,8.8,-5.89,12.26,JTS,ICT,186.04000000000002
2024-08-02,5.33,8.04,13.37,-2.71,18.74,JTS,ICT,183.33
2024-08-05,8.9,6.47,15.37,2.43,18.24,JTS,ICT,185.76000000000002
2024-08-06,2.47,4.2,6.68,-1.73,15.08,JTS,ICT,184.03000000000003
2024-08-07,2.62,1.13,3.75,1.49,16.81,JTS,ICT,185.52000000000004
2024-08-08,5.83,1.9,7.73,3.93,15.55,JTS,ICT,189.45000000000005
2024-08-09,19.79,7.2,27.0,12.59,32.65,JTS,ICT,202.04000000000005
2024-08-13,7.46,6.2,13.65,1.26,16.05,JTS,ICT,203.30000000000004
2024-08-14,8.2,4.07,12.28,4.13,22.44,JTS,ICT,207.43000000000004
2024-08-15,3.77,4.53,8.31,-0.76,16.03,JTS,ICT,206.67000000000004
2024-08-16,16.65,3.61,20.26,13.04,14.21,JTS,ICT,219.71000000000004
2024-08-19,10.97,7.5,18.46,3.47,18.24,JTS,ICT,223.18000000000004
2024-08-20,7.38,6.37,13.75,1.02,11.51,JTS,ICT,224.20000000000005
2024-08-21,2.33,8.46,10.8,-6.13,17.49,JTS,ICT,218.07000000000005
2024-08-22,7.44,6.36,13.8,1.09,19.29,JTS,ICT,219.16000000000005
2024-08-23,0.49,5.78,6.26,-5.29,14.45,JTS,ICT,213.87000000000006
2024-08-26,5.46,4.05,9.51,1.4,15.68,JTS,ICT,215.27000000000007
2024-08-27,11.48,4.84,16.32,6.63,18.37,JTS,ICT,221.90000000000006
2024-08-28,4.02,3.71,7.73,0.32,15.04,JTS,ICT,222.22000000000006
2024-08-29,1.53,3.44,4.96,-1.91,17.05,JTS,ICT,220.31000000000006
2024-08-30,51.39,10.5,61.88,40.89,33.02,JTS,ICT,261.20000000000005
2024-09-02,1.03,19.11,20.15,-18.08,14.47,JTS,ICT,243.12000000000006
2024-09-03,7.77,1.42,9.19,6.35,14.27,JTS,ICT,249.47000000000006
2024-09-04,2.16,3.44,5.6,-1.28,17.55,JTS,ICT,248.19000000000005
2024-09-05,2.79,5.35,8.15,-2.56,14.96,JTS,ICT,245.63000000000005
2024-09-06,1.45,3.05,4.5,-1.61,14.22,JTS,ICT,244.02000000000004
2024-09-09,0.33,3.53,3.86,-3.2,10.11,JTS,ICT,240.82000000000005
2024-09-10,14.31,5.5,19.81,8.81,24.13,JTS,ICT,249.63000000000005
2024-09-11,0.14,6.03,6.17,-5.88,16.13,JTS,ICT,243.75000000000006
2024-09-12,0.09,1.06,1.15,-0.97,5.02,JTS,ICT,242.78000000000006
2024-09-13,3.7,0.53,4.23,3.17,18.14,JTS,ICT,245.95000000000005
2024-09-16,14.43,1.33,15.76,13.11,29.54,JTS,ICT,259.06000000000006
2024-09-17,41.48,7.06,48.54,34.42,17.11,JTS,ICT,293.4800000000001
2024-09-18,15.21,6.81,22.02,8.39,16.4,JTS,ICT,301.87000000000006
2024-09-19,30.69,7.43,38.12,23.26,16.57,JTS,ICT,325.13000000000005
2024-09-20,18.0,9.29,27.29,8.71,24.58,JTS,ICT,333.84000000000003
2024-09-23,15.84,9.62,25.47,6.22,33.02,JTS,ICT,340.06000000000006
2024-09-24,5.87,8.63,14.5,-2.77,18.22,JTS,ICT,337.2900000000001
2024-09-25,30.17,10.49,40.66,19.68,24.98,JTS,ICT,356.9700000000001
2024-09-26,5.65,8.42,14.07,-2.77,18.86,JTS,ICT,354.2000000000001
2024-09-27,19.63,6.33,25.96,13.29,21.78,JTS,ICT,367.4900000000001
2024-09-30,2.95,10.68,13.63,-7.73,20.36,JTS,ICT,359.7600000000001
2024-10-01,2.98,1.91,4.89,1.07,11.14,JTS,ICT,360.8300000000001
2024-10-02,3.35,20.94,24.28,-17.59,16.91,JTS,ICT,343.2400000000001
2024-10-03,0.97,5.84,6.81,-4.87,14.97,JTS,ICT,338.3700000000001
2024-10-04,5.7,9.16,14.86,-3.46,18.77,JTS,ICT,334.91000000000014
2024-10-07,28.66,2.69,31.35,25.97,16.9,JTS,ICT,360.8800000000001
2024-10-08,4.65,14.64,19.29,-9.99,18.95,JTS,ICT,350.8900000000001
2024-10-09,4.56,7.59,12.15,-3.03,15.46,JTS,ICT,347.8600000000001
2024-10-10,11.72,13.23,24.95,-1.51,19.05,JTS,ICT,346.35000000000014
2024-10-11,2.07,10.26,12.33,-8.19,18.19,JTS,ICT,338.16000000000014
2024-10-15,4.79,26.66,31.45,-21.87,22.31,JTS,ICT,316.29000000000013
2024-10-16,22.53,4.79,27.31,17.74,20.86,JTS,ICT,334.03000000000014
2024-10-17,19.02,11.34,30.36,7.68,15.17,JTS,ICT,341.71000000000015
2024-10-18,5.63,8.64,14.27,-3.0,13.52,JTS,ICT,338.71000000000015
2024-10-21,12.44,10.99,23.43,1.45,18.94,JTS,ICT,340.16000000000014
2024-10-22,2.71,24.28,26.99,-21.57,19.44,JTS,ICT,318.59000000000015
2024-10-24,1.64,6.83,8.47,-5.18,23.62,JTS,ICT,313.41000000000014
2024-10-25,1.54,6.84,8.38,-5.3,15.01,JTS,ICT,308.1100000000001
2024-10-28,3.06,7.23,10.29,-4.17,14.38,JTS,ICT,303.9400000000001
2024-10-29,27.48,15.29,42.77,12.19,13.55,JTS,ICT,316.1300000000001
2024-10-30,3.66,7.57,11.23,-3.9,10.01,JTS,ICT,312.23000000000013
2024-10-31,18.76,8.31,27.07,10.45,38.71,JTS,ICT,322.6800000000001
2024-11-01,2.96,8.11,11.08,-5.15,15.02,JTS,ICT,317.53000000000014
2024-11-04,0.42,1.2,1.62,-0.77,4.55,JTS,ICT,316.76000000000016
2024-11-05,2.81,0.77,3.58,2.04,11.17,JTS,ICT,318.8000000000002
2024-11-06,20.53,7.97,28.5,12.56,11.73,JTS,ICT,331.3600000000002
2024-11-07,9.56,16.9,26.46,-7.34,10.23,JTS,ICT,324.0200000000002
2024-11-08,72.08,109.69,181.77,-37.61,57.43,JTS,ICT,286.4100000000002
2024-11-11,18.88,13.11,31.99,5.77,22.31,JTS,ICT,292.1800000000002
2024-11-12,66.31,17.9,84.21,48.41,12.27,JTS,ICT,340.59000000000015
2024-11-13,18.88,65.0,83.88,-46.11,18.16,JTS,ICT,294.48000000000013
2024-11-14,10.92,23.19,34.12,-12.27,19.49,JTS,ICT,282.21000000000015
2024-11-15,2.67,8.06,10.72,-5.39,8.46,JTS,ICT,276.82000000000016
2024-11-18,5.12,4.62,9.74,0.51,12.5,JTS,ICT,277.33000000000015
2024-11-19,2.97,4.19,7.16,-1.21,9.59,JTS,ICT,276.1200000000002
2024-11-20,28.01,5.63,33.63,22.38,24.51,JTS,ICT,298.50000000000017
2024-11-21,4.94,14.37,19.31,-9.43,10.02,JTS,ICT,289.07000000000016
2024-11-22,5.59,5.04,10.63,0.55,9.54,JTS,ICT,289.6200000000002
2024-11-25,4.11,4.07,8.17,0.04,9.63,JTS,ICT,289.6600000000002
2024-11-26,4.18,2.69,6.87,1.5,14.77,JTS,ICT,291.1600000000002
2024-11-27,3.3,1.93,5.23,1.37,12.76,JTS,ICT,292.5300000000002
2024-11-28,1.54,0.79,2.33,0.75,8.28,JTS,ICT,293.2800000000002
2024-11-29,1.66,1.24,2.9,0.41,8.16,JTS,ICT,293.6900000000002
2024-12-02,5.72,4.79,10.51,0.93,23.63,JTS,ICT,294.62000000000023
2024-12-03,11.82,3.65,15.47,8.18,21.25,JTS,ICT,302.80000000000024
2024-12-04,5.18,3.49,8.67,1.69,17.7,JTS,ICT,304.49000000000024
2024-12-06,36.99,3.69,40.68,33.29,23.94,JTS,ICT,337.78000000000026
2024-12-09,8.42,3.27,11.69,5.15,16.75,JTS,ICT,342.93000000000023
2024-12-11,16.84,4.98,21.82,11.86,33.85,JTS,ICT,354.79000000000025
2024-12-12,5.72,2.25,7.96,3.47,16.23,JTS,ICT,358.2600000000003
2024-12-13,5.27,1.74,7.01,3.53,10.11,JTS,ICT,361.79000000000025
2024-12-16,6.49,1.62,8.11,4.87,10.43,JTS,ICT,366.66000000000025
2024-12-17,5.47,2.58,8.05,2.88,8.89,JTS,ICT,369.54000000000025
2024-12-18,5.39,0.7,6.09,4.68,13.8,JTS,ICT,374.22000000000025
2024-12-19,4.08,1.78,5.87,2.3,10.25,JTS,ICT,376.52000000000027
2024-12-20,4.12,1.96,6.08,2.16,10.84,JTS,ICT,378.6800000000003
2024-12-23,5.64,3.39,9.03,2.25,16.58,JTS,ICT,380.9300000000003
2024-12-24,1.92,1.19,3.11,0.74,10.89,JTS,ICT,381.6700000000003
2024-12-25,5.12,2.28,7.39,2.84,10.14,JTS,ICT,384.5100000000003
2024-12-26,3.68,5.47,9.16,-1.79,12.79,JTS,ICT,382.72000000000025
2024-12-27,0.36,2.05,2.41,-1.68,6.9,JTS,ICT,381.04000000000025
2024-12-30,3.14,10.38,13.52,-7.25,22.78,JTS,ICT,373.79000000000025
2025-01-02,0.84,0.93,1.77,-0.08,8.55,JTS,ICT,373.71000000000026
2025-01-03,1.11,1.87,2.98,-0.76,18.65,JTS,ICT,372.9500000000003
2025-01-06,2.82,4.37,7.18,-1.55,17.91,JTS,ICT,371.40000000000026
2025-01-07,3.42,2.08,5.5,1.34,7.76,JTS,ICT,372.74000000000024
2025-01-08,2.43,3.11,5.54,-0.68,16.82,JTS,ICT,372.06000000000023
2025-01-09,0.89,3.74,4.62,-2.85,13.75,JTS,ICT,369.2100000000002
2025-01-10,2.47,2.17,4.64,0.29,19.31,JTS,ICT,369.5000000000002
2025-01-13,0.33,1.18,1.5,-0.85,3.82,JTS,ICT,368.6500000000002
2025-01-14,2.27,1.03,3.29,1.24,12.85,JTS,ICT,369.8900000000002
2025-01-15,0.54,1.57,2.11,-1.03,4.93,JTS,ICT,368.86000000000024
2025-01-16,0.69,1.59,2.28,-0.89,9.15,JTS,ICT,367.97000000000025
2025-01-17,1.49,2.14,3.63,-0.65,12.0,JTS,ICT,367.3200000000003
2025-01-20,0.67,0.21,0.88,0.46,3.77,JTS,ICT,367.78000000000026
2025-01-21,2.57,1.4,3.97,1.17,15.74,JTS,ICT,368.9500000000003
2025-01-22,0.49,0.25,0.73,0.24,6.78,JTS,ICT,369.1900000000003
2025-01-23,1.46,2.2,3.66,-0.73,9.8,JTS,ICT,368.46000000000026
2025-01-24,1.98,2.22,4.2,-0.23,16.58,JTS,ICT,368.23000000000025
2025-01-27,0.8,1.9,2.7,-1.11,9.05,JTS,ICT,367.12000000000023
2025-01-28,0.74,1.53,2.27,-0.8,9.09,JTS,ICT,366.3200000000002
2025-01-29,0.87,1.61,2.48,-0.74,9.95,JTS,ICT,365.5800000000002
2025-01-30,1.28,1.35,2.63,-0.06,10.93,JTS,ICT,365.5200000000002
2025-01-31,1.18,1.32,2.5,-0.15,5.1,JTS,ICT,365.37000000000023
2025-02-03,2.24,0.62,2.86,1.63,8.56,JTS,ICT,367.0000000000002
2025-02-04,1.64,1.04,2.68,0.61,10.03,JTS,ICT,367.61000000000024
2025-02-05,0.28,0.4,0.68,-0.12,2.81,JTS,ICT,367.49000000000024
2025-02-06,3.03,6.08,9.12,-3.05,11.13,JTS,ICT,364.4400000000002
2025-02-07,3.26,3.17,6.42,0.09,12.63,JTS,ICT,364.5300000000002
2025-02-10,4.09,2.43,6.52,1.66,13.57,JTS,ICT,366.1900000000002
2025-02-11,1.45,2.46,3.91,-1.01,10.02,JTS,ICT,365.18000000000023
2025-02-13,0.9,0.81,1.71,0.09,8.1,JTS,ICT,365.2700000000002
2025-02-14,0.45,1.55,2.0,-1.1,11.3,JTS,ICT,364.1700000000002
2025-02-17,1.23,0.25,1.49,0.98,17.15,JTS,ICT,365.1500000000002
2025-02-18,1.43,1.32,2.74,0.11,10.94,JTS,ICT,365.2600000000002
2025-02-19,1.65,1.95,3.6,-0.3,4.4,JTS,ICT,364.9600000000002
2025-02-20,1.27,1.65,2.92,-0.39,4.92,JTS,ICT,364.5700000000002
2025-02-21,0.59,3.66,4.25,-3.07,12.34,JTS,ICT,361.5000000000002
2025-02-24,0.98,1.41,2.39,-0.43,12.13,JTS,ICT,361.0700000000002
2025-02-25,1.4,7.41,8.81,-6.01,28.89,JTS,ICT,355.06000000000023
2025-02-26,1.72,1.02,2.74,0.7,12.44,JTS,ICT,355.7600000000002
2025-02-27,0.81,3.19,4.01,-2.38,18.93,JTS,ICT,353.3800000000002
2025-02-28,4.59,4.16,8.74,0.43,21.11,JTS,ICT,353.81000000000023
2025-03-03,2.78,2.76,5.54,0.02,17.94,JTS,ICT,353.8300000000002
2025-03-04,2.53,1.11,3.64,1.42,12.93,JTS,ICT,355.2500000000002
2025-03-05,5.47,3.79,9.26,1.69,43.94,JTS,ICT,356.9400000000002
2025-03-06,0.95,6.3,7.25,-5.35,28.56,JTS,ICT,351.5900000000002
2025-03-07,9.96,24.77,34.73,-14.8,27.34,JTS,ICT,336.7900000000002
2025-03-10,12.33,34.37,46.7,-22.04,33.61,JTS,ICT,314.75000000000017
2025-03-11,10.17,14.25,24.42,-4.08,27.26,JTS,ICT,310.6700000000002
2025-03-12,2.94,4.16,7.1,-1.22,18.29,JTS,ICT,309.45000000000016
2025-03-13,3.22,2.6,5.81,0.62,17.64,JTS,ICT,310.07000000000016
2025-03-14,2.12,1.0,3.12,1.12,22.62,JTS,ICT,311.19000000000017
2025-03-17,0.41,0.93,1.33,-0.52,17.33,JTS,ICT,310.6700000000002
2025-03-18,1.38,2.84,4.21,-1.46,18.12,JTS,ICT,309.2100000000002
2025-03-19,2.19,1.95,4.15,0.24,24.99,JTS,ICT,309.4500000000002
2025-03-20,0.48,3.58,4.05,-3.1,14.11,JTS,ICT,306.3500000000002
2025-03-21,0.88,2.96,3.84,-2.08,18.99,JTS,ICT,304.2700000000002
2025-03-24,1.54,0.39,1.93,1.15,18.4,JTS,ICT,305.4200000000002
2025-03-25,1.98,1.11,3.09,0.87,13.36,JTS,ICT,306.2900000000002
2025-03-26,2.24,1.04,3.28,1.2,16.11,JTS,ICT,307.4900000000002
2025-03-27,0.11,0.61,0.72,-0.5,11.73,JTS,ICT,306.9900000000002
2025-03-28,0.09,0.57,0.66,-0.48,11.51,JTS,ICT,306.51000000000016
2025-03-31,0.9,1.64,2.53,-0.74,13.06,JTS,ICT,305.77000000000015
2025-04-01,2.59,1.83,4.41,0.76,15.67,JTS,ICT,306.53000000000014
2025-04-02,0.57,1.18,1.74,-0.61,17.98,JTS,ICT,305.92000000000013
2025-04-03,0.28,1.37,1.65,-1.1,15.17,JTS,ICT,304.8200000000001
2025-04-04,0.51,2.33,2.84,-1.82,12.7,JTS,ICT,303.0000000000001
2025-04-08,5.24,4.62,9.86,0.62,9.84,JTS,ICT,303.6200000000001
2025-04-09,11.53,3.24,14.77,8.29,17.73,JTS,ICT,311.91000000000014
2025-04-10,6.45,3.97,10.42,2.48,24.21,JTS,ICT,314.39000000000016
2025-04-11,2.14,5.81,7.95,-3.67,24.43,JTS,ICT,310.72000000000014
2025-04-16,0.98,6.33,7.31,-5.35,23.25,JTS,ICT,305.3700000000001
2025-04-17,0.82,3.8,4.62,-2.98,18.77,JTS,ICT,302.3900000000001
2025-04-18,1.81,0.43,2.24,1.39,22.0,JTS,ICT,303.7800000000001
2025-04-21,2.1,1.96,4.06,0.14,24.48,JTS,ICT,303.9200000000001
2025-04-22,1.36,6.4,7.75,-5.04,38.0,JTS,ICT,298.88000000000005
2025-04-23,4.68,3.11,7.79,1.57,16.99,JTS,ICT,300.45000000000005
2025-04-24,2.93,2.74,5.68,0.19,18.32,JTS,ICT,300.64000000000004
2025-04-25,1.49,4.18,5.66,-2.69,25.64,JTS,ICT,297.95000000000005
2025-04-28,1.27,7.43,8.7,-6.15,40.11,JTS,ICT,291.80000000000007
2025-04-29,1.42,2.32,3.74,-0.9,34.76,JTS,ICT,290.9000000000001
2025-04-30,0.59,1.18,1.77,-0.6,18.86,JTS,ICT,290.30000000000007
2025-05-02,6.48,1.36,7.85,5.12,20.75,JTS,ICT,295.4200000000001
2025-05-06,2.3,1.22,3.52,1.08,24.86,JTS,ICT,296.50000000000006
2025-05-07,0.91,2.28,3.18,-1.37,15.83,JTS,ICT,295.13000000000005
2025-05-08,1.55,1.86,3.42,-0.31,30.7,JTS,ICT,294.82000000000005
2025-05-09,8.3,11.43,19.73,-3.12,49.23,JTS,ICT,291.70000000000005
2025-05-13,2.76,5.0,7.76,-2.24,34.34,JTS,ICT,289.46000000000004
2025-05-14,1.75,1.96,3.71,-0.21,37.22,JTS,ICT,289.25000000000006
2025-05-15,0.83,1.63,2.46,-0.8,25.64,JTS,ICT,288.45000000000005
2025-05-16,0.73,2.63,3.36,-1.89,24.63,JTS,ICT,286.56000000000006
2025-05-19,0.43,1.26,1.7,-0.83,19.97,JTS,ICT,285.7300000000001
2025-05-20,1.96,5.12,7.09,-3.16,32.92,JTS,ICT,282.57000000000005
2025-05-21,2.5,1.66,4.16,0.85,27.48,JTS,ICT,283.4200000000001
2025-05-22,1.77,7.19,8.96,-5.41,20.54,JTS,ICT,278.01000000000005
2025-05-23,1.13,2.35,3.48,-1.22,15.95,JTS,ICT,276.79
2025-05-26,0.93,2.35,3.27,-1.42,14.64,JTS,ICT,275.37
2025-05-27,0.81,3.52,4.33,-2.7,19.59,JTS,ICT,272.67
2025-05-28,0.76,5.32,6.08,-4.55,19.39,JTS,ICT,268.12
2025-05-29,0.93,1.2,2.12,-0.27,12.61,JTS,ICT,267.85
2025-05-30,1.55,1.64,3.19,-0.09,17.38,JTS,ICT,267.76000000000005
2025-06-04,0.55,1.17,1.72,-0.62,28.37,JTS,ICT,267.14000000000004
2025-06-05,0.47,1.13,1.59,-0.66,10.16,JTS,ICT,266.48
2025-06-06,0.54,0.39,0.93,0.15,11.29,JTS,ICT,266.63
2025-06-09,0.11,0.07,0.18,0.04,11.76,JTS,ICT,266.67
2025-06-10,0.67,1.03,1.7,-0.36,11.28,JTS,ICT,266.31
2025-06-11,0.12,0.36,0.48,-0.24,17.89,JTS,ICT,266.07
2025-06-12,0.67,0.24,0.9,0.43,21.24,JTS,ICT,266.5
2025-06-13,0.78,0.82,1.59,-0.04,8.14,JTS,ICT,266.46
2025-06-16,0.67,0.7,1.37,-0.02,8.14,JTS,ICT,266.44
2025-06-17,0.79,1.16,1.94,-0.37,19.57,JTS,ICT,266.07
2025-06-18,0.76,0.63,1.39,0.13,17.7,JTS,ICT,266.2
2025-06-19,0.42,0.29,0.7,0.13,10.99,JTS,ICT,266.33
2025-06-20,20.44,4.91,25.36,15.53,45.05,JTS,ICT,281.85999999999996
2025-06-23,2.04,2.13,4.17,-0.09,16.1,JTS,ICT,281.77
2025-06-24,2.17,3.11,5.28,-0.95,17.15,JTS,ICT,280.82
2025-06-25,1.22,1.16,2.38,0.06,36.0,JTS,ICT,280.88
2025-06-26,2.49,1.69,4.18,0.8,17.14,JTS,ICT,281.68
2025-06-27,0.4,1.45,1.85,-1.05,19.45,JTS,ICT,280.63
2025-06-30,3.56,1.65,5.21,1.91,14.0,JTS,ICT,282.54
2025-07-01,0.92,1.42,2.34,-0.49,8.77,JTS,ICT,282.05
2025-07-02,3.67,2.21,5.88,1.46,11.86,JTS,ICT,283.51
2025-07-03,1.47,4.26,5.74,-2.79,13.66,JTS,ICT,280.71999999999997
2025-07-04,0.53,1.01,1.54,-0.48,7.08,JTS,ICT,280.23999999999995
2025-07-07,4.19,1.09,5.28,3.1,15.09,JTS,ICT,283.34
2025-07-08,2.5,1.0,3.5,1.5,13.99,JTS,ICT,284.84
2025-07-09,1.4,4.47,5.87,-3.07,13.21,JTS,ICT,281.77
2025-07-11,15.69,3.12,18.81,12.57,17.58,JTS,ICT,294.34
2025-07-14,5.73,11.28,17.01,-5.55,12.52,JTS,ICT,288.78999999999996
2025-07-15,5.68,6.14,11.82,-0.46,11.72,JTS,ICT,288.33
2025-07-16,2.52,5.87,8.39,-3.35,11.0,JTS,ICT,284.97999999999996
2025-07-17,4.91,3.21,8.12,1.7,9.4,JTS,ICT,286.67999999999995
2025-07-18,8.85,3.62,12.48,5.23,12.94,JTS,ICT,291.90999999999997
2025-07-21,5.59,4.39,9.98,1.19,9.82,JTS,ICT,293.09999999999997
2025-07-22,1.7,8.1,9.79,-6.4,8.87,JTS,ICT,286.7
2025-07-23,4.2,2.01,6.21,2.19,14.24,JTS,ICT,288.89
2025-07-24,10.84,6.43,17.27,4.42,10.61,JTS,ICT,293.31
2025-07-25,2.16,7.93,10.08,-5.77,15.82,JTS,ICT,287.54
2025-07-29,2.72,5.06,7.78,-2.34,11.0,JTS,ICT,285.20000000000005
2025-07-30,4.76,5.35,10.11,-0.58,12.02,JTS,ICT,284.62000000000006
2025-07-31,2.67,3.96,6.63,-1.29,12.37,JTS,ICT,283.33000000000004
2025-08-01,4.67,4.83,9.5,-0.16,12.73,JTS,ICT,283.17
2025-08-04,2.01,3.3,5.32,-1.29,7.58,JTS,ICT,281.88
2025-08-05,7.34,1.65,8.99,5.69,12.12,JTS,ICT,287.57
2025-08-06,4.27,1.42,5.69,2.85,15.57,JTS,ICT,290.42
2025-08-07,3.21,4.48,7.69,-1.27,8.84,JTS,ICT,289.15000000000003
2025-08-08,0.45,3.7,4.15,-3.25,12.51,JTS,ICT,285.90000000000003
2025-08-13,3.56,3.84,7.4,-0.28,8.28,JTS,ICT,285.62000000000006
2025-08-14,19.99,5.35,25.33,14.64,15.7,JTS,ICT,300.26000000000005
2025-08-15,1.91,5.04,6.95,-3.13,15.61,JTS,ICT,297.13000000000005
2025-08-18,0.11,4.2,4.31,-4.09,18.56,JTS,ICT,293.0400000000001
2025-08-19,2.49,2.01,4.5,0.48,9.24,JTS,ICT,293.5200000000001
2025-08-20,3.23,3.98,7.21,-0.76,7.18,JTS,ICT,292.7600000000001
2025-08-21,0.84,4.45,5.29,-3.62,25.81,JTS,ICT,289.1400000000001
2025-08-22,7.3,2.65,9.95,4.65,15.73,JTS,ICT,293.7900000000001
2025-08-25,6.1,3.52,9.62,2.59,9.67,JTS,ICT,296.38000000000005
2025-08-26,12.5,4.15,16.64,8.35,19.8,JTS,ICT,304.7300000000001
2025-08-27,3.26,13.86,17.11,-10.6,13.73,JTS,ICT,294.13000000000005
2025-08-28,0.54,9.66,10.2,-9.11,24.42,JTS,ICT,285.02000000000004
2025-08-29,0.65,8.39,9.03,-7.74,10.53,JTS,ICT,277.28000000000003
2025-09-01,1.51,5.19,6.7,-3.68,29.05,JTS,ICT,273.6
2025-09-02,0.03,4.77,4.8,-4.74,17.86,JTS,ICT,268.86
2025-09-03,3.54,4.29,7.83,-0.76,7.24,JTS,ICT,268.1
2025-09-04,6.26,9.72,15.98,-3.46,15.76,JTS,ICT,264.64000000000004
2025-09-05,1.6,2.68,4.28,-1.08,21.73,JTS,ICT,263.56000000000006
2025-09-08,0.25,1.19,1.44,-0.93,12.44,JTS,ICT,262.63000000000005
2025-09-09,9.49,5.59,15.09,3.9,15.65,JTS,ICT,266.53000000000003
2025-09-10,1.08,9.43,10.51,-8.35,10.88,JTS,ICT,258.18
2025-09-11,8.62,1.67,10.29,6.95,11.39,JTS,ICT,265.13
2025-09-12,2.5,15.98,18.48,-13.48,31.35,JTS,ICT,251.65
2025-09-15,1.86,3.51,5.37,-1.65,14.13,JTS,ICT,250.0
2025-09-16,15.1,2.53,17.63,12.57,17.02,JTS,ICT,262.57
2025-09-17,6.44,5.14,11.57,1.3,14.2,JTS,ICT,263.87
2025-09-18,1.39,6.72,8.11,-5.33,23.17,JTS,ICT,258.54
2025-09-19,4.03,9.39,13.42,-5.36,15.39,JTS,ICT,253.18
2025-09-22,0.26,9.57,9.82,-9.31,21.93,JTS,ICT,243.87
2025-09-23,0.22,4.22,4.43,-4.0,17.32,JTS,ICT,239.87
2025-09-24,0.01,2.33,2.34,-2.32,22.62,JTS,ICT,237.55
2025-09-25,0.72,0.77,1.49,-0.04,12.7,JTS,ICT,237.51000000000002
2025-09-26,3.19,4.52,7.71,-1.33,7.03,JTS,ICT,236.18
2025-09-29,0.38,0.99,1.37,-0.61,6.61,JTS,ICT,235.57
2025-09-30,0.25,2.97,3.22,-2.72,8.41,JTS,ICT,232.85
2025-10-01,0.32,1.63,1.95,-1.31,13.32,JTS,ICT,231.54
2025-10-02,0.56,1.06,1.62,-0.51,6.97,JTS,ICT,231.03
2025-10-03,2.0,4.2,6.2,-2.19,6.23,JTS,ICT,228.84
2025-10-06,1.6,0.85,2.45,0.76,5.12,JTS,ICT,229.6
2025-10-07,3.21,3.79,7.0,-0.58,5.24,JTS,ICT,229.01999999999998
2025-10-08,0.55,1.44,1.99,-0.89,11.22,JTS,ICT,228.13
2025-10-09,0.53,1.18,1.71,-0.65,7.6,JTS,ICT,227.48
2025-10-10,2.51,6.41,8.93,-3.9,13.03,JTS,ICT,223.57999999999998
2025-10-14,0.49,7.05,7.54,-6.55,18.06,JTS,ICT,217.02999999999997
2025-10-15,2.37,5.29,7.67,-2.92,11.2,JTS,ICT,214.10999999999999
2025-10-16,0.49,3.14,3.63,-2.66,9.68,JTS,ICT,211.45
2025-10-17,0.21,2.9,3.11,-2.69,9.46,JTS,ICT,208.76
2025-10-20,0.63,3.19,3.82,-2.56,6.59,JTS,ICT,206.2
2025-10-21,2.39,0.67,3.07,1.72,5.86,JTS,ICT,207.92
2025-10-22,1.03,0.27,1.3,0.76,15.67,JTS,ICT,208.67999999999998
2025-10-24,1.33,0.49,1.82,0.84,18.1,JTS,ICT,209.51999999999998
2025-10-27,2.13,8.1,10.23,-5.97,5.8,JTS,ICT,203.54999999999998
2025-10-28,3.33,3.98,7.31,-0.65,8.59,JTS,ICT,202.89999999999998
2025-10-29,1.76,1.63,3.39,0.12,8.94,JTS,ICT,203.01999999999998
2025-10-30,1.22,1.64,2.86,-0.42,14.68,JTS,ICT,202.6
2025-10-31,0.41,0.79,1.2,-0.38,16.21,JTS,ICT,202.22
2025-11-03,0.74,1.01,1.75,-0.27,8.4,JTS,ICT,201.95
2025-11-04,2.42,1.81,4.23,0.61,9.18,JTS,ICT,202.56
2025-11-05,0.65,0.51,1.16,0.14,8.88,JTS,ICT,202.7
2025-11-06,0.81,1.54,2.34,-0.73,6.17,JTS,ICT,201.97
2025-11-07,1.2,0.36,1.57,0.84,6.37,JTS,ICT,202.81
2025-11-10,1.19,0.13,1.32,1.06,10.43,JTS,ICT,203.87
2025-11-11,14.54,1.85,16.39,12.69,17.92,JTS,ICT,216.56
2025-11-12,12.25,1.2,13.46,11.05,28.72,JTS,ICT,227.61
2025-11-13,3.29,6.26,9.54,-2.97,33.67,JTS,ICT,224.64000000000001
2025-11-14,10.09,6.53,16.62,3.57,53.72,JTS,ICT,228.21
2025-11-17,7.46,1.27,8.72,6.19,14.89,JTS,ICT,234.4
2025-11-18,15.05,5.37,20.42,9.68,20.2,JTS,ICT,244.08
2025-11-19,13.57,2.84,16.4,10.73,22.41,JTS,ICT,254.81
2025-11-20,10.54,9.63,20.17,0.9,15.01,JTS,ICT,255.71
2025-11-21,12.01,7.37,19.37,4.64,12.99,JTS,ICT,260.35
2025-11-24,89.78,71.61,161.39,18.18,46.16,JTS,ICT,278.53000000000003
2025-11-25,6.19,38.25,44.43,-32.06,18.43,JTS,ICT,246.47000000000003
2025-11-26,4.02,34.22,38.23,-30.2,23.23,JTS,ICT,216.27000000000004
2025-11-27,4.49,26.49,30.98,-22.0,18.4,JTS,ICT,194.27000000000004
2025-11-28,14.41,42.17,56.58,-27.76,23.12,JTS,ICT,166.51000000000005
2025-12-01,8.78,12.52,21.3,-3.74,9.84,JTS,ICT,162.77000000000004
2025-12-02,5.03,13.79,18.82,-8.77,9.67,JTS,ICT,154.00000000000003
2025-12-03,8.09,8.09,16.18,0.0,11.31,JTS,ICT,154.00000000000003
2025-12-04,5.2,8.38,13.59,-3.18,16.4,JTS,ICT,150.82000000000002
2025-12-08,7.57,10.57,18.14,-2.99,12.87,JTS,ICT,147.83
2025-12-09,43.79,16.01,59.8,27.78,20.85,JTS,ICT,175.61
2025-12-11,29.92,29.73,59.65,0.2,20.69,JTS,ICT,175.81
2025-12-12,52.68,31.39,84.07,21.29,23.94,JTS,ICT,197.1
2025-12-15,56.65,63.88,120.53,-7.23,24.23,JTS,ICT,189.87
2025-12-16,46.69,44.5,91.19,2.2,19.97,JTS,ICT,192.07
2025-12-17,33.48,31.98,65.46,1.5,21.98,JTS,ICT,193.57
2025-12-18,36.77,28.43,65.19,8.34,24.98,JTS,ICT,201.91
2025-12-19,40.48,31.97,72.45,8.51,36.23,JTS,ICT,210.42
2025-12-22,14.19,20.4,34.58,-6.21,33.82,JTS,ICT,204.20999999999998
2025-12-23,110.03,48.39,158.42,61.64,32.55,JTS,ICT,265.84999999999997
2025-12-24,37.51,53.41,90.92,-15.9,22.95,JTS,ICT,249.94999999999996
2025-12-25,56.65,17.62,74.26,39.03,16.92,JTS,ICT,288.97999999999996
2025-12-26,54.18,23.37,77.55,30.81,32.49,JTS,ICT,319.78999999999996
2025-12-29,16.43,47.43,63.85,-31.0,29.62,JTS,ICT,288.78999999999996
2025-12-30,6.47,14.16,20.63,-7.69,27.51,JTS,ICT,281.09999999999997
2026-01-05,23.16,29.0,52.16,-5.84,35.31,JTS,ICT,275.26
2026-01-06,7.27,14.53,21.8,-7.27,28.12,JTS,ICT,267.99
2026-01-07,20.33,16.02,36.35,4.31,28.85,JTS,ICT,272.3
2026-01-08,14.73,15.36,30.09,-0.64,30.79,JTS,ICT,271.66
2026-01-09,3.25,4.67,7.92,-1.41,21.78,JTS,ICT,270.25
2026-01-12,6.9,4.33,11.24,2.57,32.7,JTS,ICT,272.82
2026-01-13,12.23,15.53,27.75,-3.3,27.97,JTS,ICT,269.52
2026-01-14,15.24,21.92,37.16,-6.68,27.82,JTS,ICT,262.84
2026-01-15,34.08,18.3,52.39,15.78,22.91,JTS,ICT,278.61999999999995
2026-01-16,6.25,9.65,15.9,-3.4,36.14,JTS,ICT,275.21999999999997
2026-01-19,15.38,7.1,22.48,8.29,29.35,JTS,ICT,283.51
2026-01-20,13.49,21.52,35.0,-8.03,17.07,JTS,ICT,275.48
2026-01-21,4.95,11.26,16.2,-6.31,40.13,JTS,ICT,269.17
2026-01-22,5.57,13.7,19.28,-8.13,24.77,JTS,ICT,261.04
2026-01-23,4.61,10.81,15.42,-6.2,31.14,JTS,ICT,254.84000000000003
2026-01-26,7.54,5.09,12.63,2.45,43.22,JTS,ICT,257.29
2026-01-27,3.63,8.77,12.4,-5.14,30.46,JTS,ICT,252.15000000000003
2026-01-28,5.17,12.44,17.61,-7.27,19.65,JTS,ICT,244.88000000000002
2026-01-29,6.45,6.31,12.76,0.13,24.42,JTS,ICT,245.01000000000002
2026-01-30,8.16,5.94,14.1,2.21,25.73,JTS,ICT,247.22000000000003
2026-02-02,13.7,10.69,24.38,3.01,30.03,JTS,ICT,250.23000000000002
2026-02-03,14.07,6.34,20.4,7.73,27.7,JTS,ICT,257.96000000000004
2026-02-04,15.56,5.75,21.32,9.81,23.4,JTS,ICT,267.77000000000004
2026-02-05,5.91,11.1,17.02,-5.19,22.68,JTS,ICT,262.58000000000004
2026-02-06,5.2,3.93,9.13,1.27,28.86,JTS,ICT,263.85
2026-02-09,10.91,3.73,14.64,7.18,26.84,JTS,ICT,271.03000000000003
2026-02-10,27.26,6.25,33.5,21.01,28.78,JTS,ICT,292.04
2026-02-11,22.14,18.25,40.39,3.89,20.21,JTS,ICT,295.93
2026-02-12,16.16,23.2,39.36,-7.03,12.94,JTS,ICT,288.90000000000003
2026-02-13,7.85,8.7,16.55,-0.86,18.37,JTS,ICT,288.04
2026-02-16,10.53,15.02,25.55,-4.49,20.95,JTS,ICT,283.55
2026-02-17,3.52,6.08,9.6,-2.55,12.55,JTS,ICT,281.0
2026-02-18,7.17,2.63,9.8,4.54,21.66,JTS,ICT,285.54
2026-02-19,4.29,3.66,7.95,0.63,16.38,JTS,ICT,286.17
2026-02-20,5.73,6.3,12.03,-0.57,13.04,JTS,ICT,285.6
2026-02-23,6.21,9.41,15.62,-3.2,18.68,JTS,ICT,282.40000000000003
2026-02-24,8.48,10.23,18.71,-1.75,25.6,JTS,ICT,280.65000000000003
2026-02-25,31.05,14.14,45.2,16.91,19.32,JTS,ICT,297.56000000000006
2026-02-26,120.89,61.74,182.63,59.15,22.48,JTS,ICT,356.71000000000004
2026-02-27,325.45,388.95,714.39,-63.5,29.11,JTS,ICT,293.21000000000004
2026-03-02,79.74,138.97,218.71,-59.24,24.22,JTS,ICT,233.97000000000003
2026-03-04,40.2,47.4,87.6,-7.2,24.16,JTS,ICT,226.77000000000004
2026-03-05,29.69,45.93,75.62,-16.24,29.02,JTS,ICT,210.53000000000003
2026-03-06,20.06,44.64,64.71,-24.58,24.2,JTS,ICT,185.95000000000005
2026-03-09,18.18,27.96,46.14,-9.78,23.24,JTS,ICT,176.17000000000004
2026-03-10,18.66,20.69,39.34,-2.03,19.83,JTS,ICT,174.14000000000004
2026-03-11,24.83,28.32,53.15,-3.49,14.03,JTS,ICT,170.65000000000003
2026-03-12,19.22,15.68,34.89,3.54,15.19,JTS,ICT,174.19000000000003
2026-03-13,4.17,21.34,25.52,-17.17,18.43,JTS,ICT,157.02000000000004
2026-03-16,8.59,9.07,17.66,-0.48,11.51,JTS,ICT,156.54000000000005
2026-03-17,9.31,4.87,14.18,4.44,11.86,JTS,ICT,160.98000000000005
2026-03-18,4.31,8.69,13.0,-4.38,16.03,JTS,ICT,156.60000000000005
2026-03-19,3.62,5.3,8.92,-1.68,15.2,JTS,ICT,154.92000000000004
2026-03-20,3.87,7.43,11.3,-3.56,14.98,JTS,ICT,151.36000000000004
2026-03-23,3.46,3.59,7.04,-0.13,10.29,JTS,ICT,151.23000000000005
2026-03-24,11.36,5.52,16.88,5.84,17.71,JTS,ICT,157.07000000000005
2026-03-25,3.12,9.54,12.66,-6.42,8.41,JTS,ICT,150.65000000000006
2026-03-26,10.15,7.69,17.84,2.47,16.13,JTS,ICT,153.12000000000006
2026-03-27,0.93,6.42,7.35,-5.49,11.05,JTS,ICT,147.63000000000005
2026-03-30,1.39,1.05,2.44,0.34,11.38,JTS,ICT,147.97000000000006
2026-03-31,10.81,3.55,14.35,7.26,24.89,JTS,ICT,155.23000000000005
2026-04-01,13.3,10.58,23.88,2.72,24.79,JTS,ICT,157.95000000000005
2026-04-02,0.58,10.15,10.73,-9.57,18.67,JTS,ICT,148.38000000000005
2026-04-03,0.56,1.58,2.14,-1.03,10.23,JTS,ICT,147.35000000000005
2026-04-07,17.3,9.18,26.48,8.11,16.75,JTS,ICT,155.46000000000004
2026-04-08,15.35,5.81,21.16,9.54,15.32,JTS,ICT,165.00000000000003
2026-04-09,1.11,16.61,17.72,-15.5,16.28,JTS,ICT,149.50000000000003
2026-04-10,3.22,5.88,9.1,-2.66,8.75,JTS,ICT,146.84000000000003
2026-04-16,2.08,1.59,3.66,0.49,14.07,JTS,ICT,147.33000000000004
2026-04-17,1.84,2.21,4.05,-0.37,9.86,JTS,ICT,146.96000000000004
2026-04-20,0.51,2.3,2.8,-1.79,12.83,JTS,ICT,145.17000000000004
2026-04-21,1.41,0.78,2.19,0.64,10.96,JTS,ICT,145.81000000000003
2026-04-22,0.05,1.52,1.57,-1.47,2.97,JTS,ICT,144.34000000000003
2026-04-23,2.73,1.67,4.4,1.05,6.86,JTS,ICT,145.39000000000004
2026-04-24,4.36,3.28,7.63,1.08,12.74,JTS,ICT,146.47000000000006
2026-04-27,1.67,5.45,7.12,-3.79,27.15,JTS,ICT,142.68000000000006
2026-04-28,1.4,5.49,6.89,-4.09,16.75,JTS,ICT,138.59000000000006
2026-04-29,9.66,2.0,11.66,7.66,20.92,JTS,ICT,146.25000000000006
2026-04-30,3.39,2.18,5.57,1.22,13.0,JTS,ICT,147.47000000000006
2026-05-05,3.97,2.36,6.33,1.6,11.6,JTS,ICT,149.07000000000005
2026-05-06,4.52,6.22,10.74,-1.7,13.21,JTS,ICT,147.37000000000006
2026-05-07,0.67,2.38,3.05,-1.71,5.8,JTS,ICT,145.66000000000005
2026-05-08,0.49,0.18,0.66,0.31,5.41,JTS,ICT,145.97000000000006
2026-05-11,2.1,0.68,2.78,1.42,8.69,JTS,ICT,147.39000000000004
2026-05-12,4.35,1.19,5.53,3.16,19.15,JTS,ICT,150.55000000000004
2026-05-13,2.52,1.62,4.15,0.9,23.61,JTS,ICT,151.45000000000005
2026-05-14,1.34,7.06,8.4,-5.72,13.43,JTS,ICT,145.73000000000005
2026-05-15,0.29,1.54,1.83,-1.25,4.97,JTS,ICT,144.48000000000005
2026-05-18,0.23,0.98,1.22,-0.75,9.83,JTS,ICT,143.73000000000005
2026-05-19,1.45,1.1,2.54,0.35,10.99,JTS,ICT,144.08000000000004
2026-05-20,9.19,10.81,20.0,-1.61,17.8,JTS,ICT,142.47000000000003
2026-05-21,31.04,13.41,44.45,17.62,21.69,JTS,ICT,160.09000000000003
2026-05-22,0.63,7.93,8.56,-7.3,10.04,JTS,ICT,152.79000000000002
2026-05-25,1.96,3.6,5.56,-1.64,9.39,JTS,ICT,151.15000000000003
2026-05-26,0.58,3.63,4.21,-3.06,8.87,JTS,ICT,148.09000000000003
2026-05-27,5.59,1.59,7.18,4.01,11.09,JTS,ICT,152.10000000000002
2026-05-28,3.51,1.73,5.23,1.78,9.15,JTS,ICT,153.88000000000002
2026-05-29,3.67,0.31,3.98,3.37,8.76,JTS,ICT,157.25000000000003
2026-06-02,4.56,1.78,6.34,2.77,10.26,JTS,ICT,160.02000000000004
2026-06-04,8.19,2.09,10.28,6.1,10.38,JTS,ICT,166.12000000000003
2026-06-05,5.18,1.42,6.6,3.76,9.18,JTS,ICT,169.88000000000002
2026-06-08,3.1,0.74,3.84,2.36,15.02,JTS,ICT,172.24000000000004
2026-06-09,3.83,1.11,4.93,2.72,11.92,JTS,ICT,174.96000000000004
2026-06-10,0.71,0.48,1.19,0.23,10.71,JTS,ICT,175.19000000000003
2026-06-11,0.58,0.35,0.93,0.22,3.37,JTS,ICT,175.41000000000003
2026-06-12,0.78,0.46,1.24,0.33,8.77,JTS,ICT,175.74000000000004
2026-06-15,1.28,1.63,2.92,-0.35,7.54,JTS,ICT,175.39000000000004
2026-06-16,2.4,2.66,5.06,-0.27,10.56,JTS,ICT,175.12000000000003
2026-06-17,1.49,0.5,1.99,0.99,3.57,JTS,ICT,176.11000000000004
2026-06-18,0.64,1.3,1.95,-0.66,10.71,JTS,ICT,175.45000000000005
2026-06-19,10.98,8.48,19.46,2.49,32.4,JTS,ICT,177.94000000000005
2026-06-22,0.99,8.85,9.84,-7.86,13.21,JTS,ICT,170.08000000000004
2026-06-23,2.32,8.89,11.22,-6.57,16.23,JTS,ICT,163.51000000000005
2026-06-24,9.59,7.91,17.51,1.68,20.87,JTS,ICT,165.19000000000005
2026-06-25,2.07,4.92,6.99,-2.85,15.07,JTS,ICT,162.34000000000006
2026-06-26,2.28,5.67,7.95,-3.39,14.34,JTS,ICT,158.95000000000007
2026-06-29,2.23,2.63,4.87,-0.4,9.24,JTS,ICT,158.55000000000007
2026-06-30,1.52,1.55,3.07,-0.04,10.64,JTS,ICT,158.51000000000008
2026-07-01,0.35,1.37,1.73,-1.02,5.16,JTS,ICT,157.49000000000007
2026-07-02,1.29,0.8,2.09,0.49,6.58,JTS,ICT,157.98000000000008
2026-07-03,1.73,3.62,5.34,-1.89,13.22,JTS,ICT,156.0900000000001
2026-07-06,1.11,2.84,3.95,-1.73,10.93,JTS,ICT,154.3600000000001
2026-07-07,4.25,2.02,6.27,2.23,17.61,JTS,ICT,156.5900000000001
2026-07-08,9.46,5.23,14.7,4.23,9.73,JTS,ICT,160.82000000000008
2026-07-09,2.69,10.44,13.13,-7.76,14.4,JTS,ICT,153.0600000000001
2026-07-10,3.19,3.24,6.43,-0.06,9.2,JTS,ICT,153.00000000000009
2026-07-13,8.86,3.34,12.2,5.52,18.97,JTS,ICT,158.5200000000001
2026-07-14,0.4,1.48,1.88,-1.08,11.67,JTS,ICT,157.44000000000008
2026-07-15,9.7,1.0,10.71,8.7,31.24,JTS,ICT,166.14000000000007
2026-07-16,0.49,3.4,3.89,-2.91,24.26,JTS,ICT,163.23000000000008
2026-07-17,0.69,6.48,7.16,-5.79,29.09,JTS,ICT,157.44000000000008
2026-07-20,0.21,0.95,1.16,-0.73,13.63,JTS,ICT,156.7100000000001
2026-07-21,0.42,1.55,1.97,-1.14,15.03,JTS,ICT,155.5700000000001
2026-07-22,14.21,4.91,19.12,9.3,16.85,JTS,ICT,164.87000000000012
2026-07-23,12.87,10.47,23.34,2.4,18.56,JTS,ICT,167.27000000000012
2026-07-24,0.97,12.64,13.6,-11.67,18.25,JTS,ICT,155.60000000000014
2026-07-27,0.71,1.04,1.74,-0.33,4.99,JTS,ICT,155.27000000000012
2026-07-30,0.23,0.29,0.52,-0.06,2.57,JTS,ICT,155.21000000000012
2026-07-31,0.07,0.02,0.09,0.05,0.48,JTS,ICT,155.26000000000013
2026-08-03,0.28,0.11,0.38,0.17,1.64,JTS,ICT,155.43000000000012
2026-08-04,0.01,0.14,0.15,-0.13,0.45,JTS,ICT,155.30000000000013
2026-08-05,0.16,0.75,0.91,-0.59,4.89,JTS,ICT,154.71000000000012
2026-08-06,0.04,0.18,0.21,-0.14,1.73,JTS,ICT,154.57000000000014
2026-08-07,0.12,0.02,0.14,0.1,1.85,JTS,ICT,154.67000000000013
2026-08-10,0.58,0.31,0.89,0.27,5.4,JTS,ICT,154.94000000000014
2026-08-11,0.33,0.03,0.36,0.3,2.88,JTS,ICT,155.24000000000015
2026-08-13,0.48,0.58,1.06,-0.11,3.95,JTS,ICT,155.13000000000014
2026-08-14,0.95,1.12,2.07,-0.17,18.83,JTS,ICT,154.96000000000015
2026-08-17,3.85,0.64,4.49,3.2,14.6,JTS,ICT,158.16000000000014
2026-08-18,3.55,1.76,5.3,1.79,12.91,JTS,ICT,159.95000000000013
2026-08-19,8.79,1.65,10.44,7.14,17.44,JTS,ICT,167.09000000000012
2026-08-20,12.73,5.79,18.52,6.94,17.71,JTS,ICT,174.03000000000011
2026-08-21,6.48,1.5,7.98,4.99,15.27,JTS,ICT,179.02000000000012
2026-08-24,0.02,5.16,5.18,-5.14,12.59,JTS,ICT,173.88000000000014
2026-08-25,3.3,2.91,6.21,0.38,12.3,JTS,ICT,174.26000000000013
2026-08-26,1.74,0.22,1.95,1.52,5.22,JTS,ICT,175.78000000000014
2026-08-27,0.03,0.36,0.39,-0.33,1.48,JTS,ICT,175.45000000000013
2026-08-28,0.28,0.04,0.32,0.24,2.33,JTS,ICT,175.69000000000014
2026-08-31,49.61,37.2,86.81,12.41,65.01,JTS,ICT,188.10000000000014
2026-09-01,3.69,14.29,17.98,-10.6,26.5,JTS,ICT,177.50000000000014
2026-09-02,0.78,12.1,12.88,-11.32,20.6,JTS,ICT,166.18000000000015
2026-09-03,0.4,5.11,5.51,-4.71,27.32,JTS,ICT,161.47000000000014
2026-09-04,0.45,5.99,6.44,-5.54,28.06,JTS,ICT,155.93000000000015
