symbol,sector,trading_days,total_buy_mb,total_sell_mb,total_turnover_mb,total_net_mb
KBANK,Banking,1546,990972.97,941605.3799999999,1932578.2700000003,49367.52999999999
PTTEP,Energy,1546,791125.95,742242.93,1533369.18,48882.81
CPALL,Commerce,1546,798182.72,759938.65,1558121.51,38244.0
DELTA,Etron,1546,823289.0,792482.28,1615771.29,30807.020000000004
PTT,Energy,1546,961635.72,934519.76,1896155.3099999998,27115.749999999996
BDMS,Helth,1546,535609.32,509031.94999999995,1044641.0,26577.14
ADVANC,ICT,1546,724651.9099999999,701072.4,1425724.36,23579.65
KTB,Banking,1546,405031.13,381966.85,786998.41,23064.300000000003
EA,Energy,1545,359435.97,342565.87,702001.72,16870.14
TRUE,ICT,778,343981.4,327340.83,671322.23,16640.41
TOP,Energy,1546,301507.29,286364.38,587871.82,15143.109999999999
BBL,Banking,1546,526018.67,511496.36,1037514.73,14522.45
BH,Helth,1546,288738.70999999996,277145.47,565884.05,11593.09
SCGP,Packaging,1349,177396.84,165945.36,343341.98,11451.86
CRC,Commerce,1512,215206.09,204046.03999999998,419252.35,11160.09
CPN,Property,1546,264184.64,253710.72000000003,517895.60000000003,10473.78
OR,Energy,1275,171336.12999999998,161009.84,332345.99000000005,10326.21
PTTGC,Petro,1546,376822.95999999996,366630.18,743453.01,10192.74
BANPU,Energy,1546,285551.25,275672.35,561224.0,9878.66
AOT,Trans,1546,741427.74,731700.72,1473128.46,9726.86
SCC,Conmat,1546,418049.4,408656.05,826705.49,9393.360000000002
IVL,Petro,1546,317340.77999999997,307994.19,625334.8400000001,9346.990000000002
TISCO,Banking,1546,186282.43,177346.71000000002,363629.27,8935.78
TTB,Banking,1546,192364.26,183577.66,375941.66,8786.83
SCB,Banking,986,344668.38999999996,336225.32999999996,680893.71,8443.23
KCE,Etron,1546,239580.26,231426.51,471006.67000000004,8153.859999999999
OSP,Food,1546,142501.8,134685.03,277186.99,7816.89
CPF,Food,1546,322462.5,314871.41,637334.1499999999,7591.039999999998
STGT,Person,1422,90625.39,83112.4,173737.84,7512.820000000001
BCP,Energy,1546,92338.1,85806.85,178144.82,6531.23
KKP,Banking,1546,101642.43,96159.01,197801.41000000003,5483.39
AWC,Property,1546,112725.04999999999,107492.17,220217.27000000002,5232.889999999999
AMATA,Property,1546,69264.66,64393.14,133657.87,4871.54
CBG,Food,1546,200971.30000000002,196144.86,397116.23,4826.18
WHA,Property,1546,119020.24999999999,114258.15,233278.15000000002,4762.040000000001
HANA,Etron,1546,199174.08000000002,194934.66,394108.72,4239.68
BGRIM,Energy,1546,166901.34999999998,162704.33000000002,329605.67000000004,4197.0599999999995
TFG,Food,1546,22657.809999999998,18862.600000000002,41520.35,3795.43
VGI,Media,1546,54778.68,51277.96,106056.51999999999,3500.5
COM7,Commerce,1546,154344.09999999998,150884.66,305228.52,3459.69
SPRC,Energy,1546,79994.87,76604.09,156598.84000000003,3390.82
JMT,Finance,1546,154656.19999999998,151546.91,306203.06,3109.1099999999988
KTC,Finance,1546,213885.77000000002,211094.22999999998,424980.17,2791.7499999999986
BCH,Helth,1546,100201.59,97416.58,197618.13999999998,2785.16
IRPC,Energy,1546,105401.34,102704.0,208104.87,2697.090000000001
TLI,Insurance,928,39372.39,36787.020000000004,76159.31999999999,2585.4800000000005
SIRI,Property,1546,53795.369999999995,51281.7,105076.98999999999,2513.6099999999997
RCL,Trans,1533,68661.18000000001,66182.78,134843.75,2478.35
MEGA,Commerce,1546,44095.28999999999,41646.33,85741.59,2449.11
BAM,Finance,1546,99992.31,97716.37,197708.88,2275.92
CHG,Helth,1546,49670.18,47590.58,97260.73000000001,2079.7099999999996
SPALI,Property,1546,46016.71,44056.18,90072.75,1960.5199999999995
BTG,Food,862,14258.73,12309.37,26567.87,1949.3399999999997
STA,Agri,1546,122836.77,120938.05000000002,243774.58000000002,1898.7600000000016
TOA,Conmat,1546,18825.31,17015.75,35840.979999999996,1809.6800000000003
BJC,Commerce,1546,80153.42,78562.1,158715.34999999998,1591.1200000000006
GPSC,Energy,1546,257621.08000000002,256101.62000000002,513722.27,1519.1800000000017
AAV,Trans,1546,26099.23,24602.03,50701.29,1497.06
TU,Food,1546,159279.07,157882.82,317161.86,1396.7100000000003
GUNKUL,Energy,1546,87124.15,85776.25,172900.02000000002,1347.7299999999993
PLANB,Media,1546,36677.59,35432.44,72110.0,1245.13
BCPG,Energy,1546,23227.559999999998,21987.87,45215.11,1239.6
AP,Property,1546,48335.70999999999,47128.380000000005,95464.23000000001,1207.37
CCET,Etron,1546,40316.25,39211.86,79528.26000000001,1104.5300000000002
M,Food,1546,17126.160000000003,16077.97,33204.11,1048.31
CENTEL,Tourism,1546,53301.479999999996,52393.090000000004,105694.65,908.27
CK,Cons,1546,35453.950000000004,34591.53999999999,70045.24,862.1299999999999
BLA,Insurance,1546,35450.96,34695.009999999995,70145.73,755.9800000000005
BA,Trans,1545,20734.66,20068.629999999997,40803.08,665.9100000000001
STECON,Cons,377,8473.09,7868.1,16341.019999999999,604.8800000000001
AEONTS,Finance,1546,32867.770000000004,32309.440000000002,65177.02999999999,558.0399999999998
SISB,Professional,1519,13924.119999999999,13392.76,27316.88,531.8500000000001
PR9,Helth,1514,10363.76,10043.14,20407.11,320.86999999999995
PRM,Trans,1546,25501.55,25228.78,50729.89,272.55999999999995
SJWD,Trans,1546,12604.0,12362.789999999999,24966.85,240.82
ICHI,Food,1546,30354.52,30115.420000000002,60469.89,239.1400000000001
PTG,Energy,1546,53549.75,53339.520000000004,106889.20000000001,210.31000000000023
MOSHI,Commerce,828,5729.3,5534.5,11263.74,195.00000000000009
ERW,Tourism,1546,18363.940000000002,18182.84,36547.009999999995,180.94999999999993
AURA,Fashion,843,3988.18,3808.0699999999997,7796.43,180.09999999999997
JTS,ICT,1497,24666.059999999998,24505.949999999997,49171.55,160.08999999999975
JAS,ICT,1546,50239.4,50134.85,100374.11,104.29999999999967
TASCO,Conmat,1546,45011.14,44908.07000000001,89919.07,103.20999999999958
GFPT,Agri,1546,15358.37,15286.32,30644.839999999997,72.08000000000013
DOHOME,Commerce,1546,32243.750000000004,32203.4,64447.36,40.34999999999994
SAWAD,Finance,1546,207254.46999999997,207214.75,414469.17000000004,39.81999999999948
BTS,Trans,1546,155483.25,155447.3,310930.41000000003,36.03999999999951
HMPRO,Commerce,1546,174632.02000000002,174634.05,349266.35,-2.2599999999983993
MTC,Finance,1546,190423.44,190432.68,380856.19,-9.170000000000982
GULF,Energy,270,111038.40000000001,111151.07999999999,222189.63,-112.63999999999942
QH,Property,1546,17315.239999999998,17478.489999999998,34793.89,-163.33000000000015
MINT,Tourism,1546,285512.89,285770.82,571283.4,-258.0600000000004
GLOBAL,Commerce,1546,73851.54,74463.91,148315.61,-612.2400000000001
TIDLOR,Finance,246,14965.210000000001,15743.439999999999,30708.559999999998,-778.1900000000004
JMART,ICT,1546,95510.87,96293.39,191804.22,-782.5500000000002
BEM,Trans,1546,144255.55,145722.0,289977.6,-1466.3299999999995
TCAP,Banking,1546,65637.75,67190.64,132828.23,-1552.8499999999995
EGCO,Energy,1546,106452.81,110793.31,217246.16999999998,-4340.300000000001
RATCH,Energy,1546,79932.63,85782.95999999999,165715.49,-5850.43
LH,Property,1546,155860.7,163625.18,319486.17000000004,-7764.200000000001
